kic,label,period,t0,duration,transit_depth,snr,filename,index_in_batch
2860114,1,0.9416034,132.97522,1.1171,611.0,61.7,batch_0.npz,0
6209798,1,1.2054161,131.934,1.1735,108.0,42.5,batch_0.npz,1
4861527,1,25.70558,156.6662,5.967,295.0,31.1,batch_0.npz,2
12459725,1,14.17987,171.4993,2.5588,621.0,15.2,batch_0.npz,3
3327993,1,2.115547,134.0992,3.9907,346.0,28.5,batch_0.npz,4
8625821,1,45.39692,136.9389,3.2731,1339.0,47.4,batch_0.npz,5
8180020,1,5.80312836,136.10045,4.9901,67130.0,3440.5,batch_0.npz,6
5358624,1,3.52563247,170.047268,2.5986,22473.0,2405.5,batch_0.npz,7
5024482,1,1.5259258,132.6941,2.354,391.0,21.7,batch_0.npz,8
11909839,1,10.4059559,177.19808,6.4079,14610.0,847.4,batch_0.npz,9
8556077,1,3.6357082,134.6103,2.2964,72.0,41.8,batch_0.npz,10
5992270,1,58.42991,168.3011,5.6488,1937.0,52.2,batch_0.npz,11
5021176,1,4.0450494,172.6824,2.2018,741.0,66.2,batch_0.npz,12
9692345,1,0.6878956,133.66325,2.4988,593.0,74.4,batch_0.npz,13
11709423,1,0.38446929,131.7366,0.9291,780.0,87.3,batch_0.npz,14
2441151,1,2.1920104,171.67034,2.2045,1503.0,176.4,batch_0.npz,15
3231341,1,18.99835,144.7456,3.8953,445.0,22.9,batch_0.npz,16
2437505,1,17.55078,133.952,3.7335,4421.0,11.3,batch_0.npz,17
4365442,1,1.7144088,131.8653,3.5671,65.0,31.8,batch_0.npz,18
8161561,1,3.275783,170.2555,2.9924,270.0,69.2,batch_0.npz,19
7382313,1,7.42716,133.094,3.4818,196.0,17.9,batch_0.npz,20
8046659,1,31.569127,158.29838,2.6788,4376.0,166.9,batch_0.npz,21
7461307,1,0.7735942,132.0919,1.5704,67.0,17.3,batch_0.npz,22
9156585,1,22.324224,134.4474,2.9079,1232.0,34.6,batch_0.npz,23
5812701,1,17.855149,146.59692,7.4066,9155.0,1173.1,batch_0.npz,24
11923284,1,2.758006,131.875,2.0383,212.0,61.4,batch_0.npz,25
6442340,1,23.44194,152.03,6.2338,99.0,16.5,batch_0.npz,26
8687088,1,0.9050391,132.2144,1.4134,33.0,23.1,batch_0.npz,27
4861791,1,5.62955,136.858,4.5055,299.0,12.1,batch_0.npz,28
5356593,1,45.9778722,240.59676,7.3575,24652.0,3462.9,batch_0.npz,29
8256049,1,16.371917,172.7611,2.9247,8288.0,229.8,batch_0.npz,30
4840513,1,2.37928191,133.65076,3.2246,52183.0,1759.3,batch_0.npz,31
5608566,1,4.3969343,172.02738,1.91,4668.0,463.1,batch_0.npz,32
7629518,1,15.5949,137.5577,5.0799,828.0,53.3,batch_0.npz,33
9640985,1,2.1781502,171.23127,2.4795,513.0,144.8,batch_0.npz,34
3937519,1,5.89686,134.006,3.3743,96.0,13.9,batch_0.npz,35
7097534,1,2.213936,132.5683,4.746,84.0,19.7,batch_0.npz,36
5288570,1,1.728532,131.8081,3.6514,254.0,28.1,batch_0.npz,37
9728465,1,7.353871,132.0203,2.1253,112.0,20.8,batch_0.npz,38
6205468,1,3.7228769,179.2962,10.2221,2846.0,407.2,batch_0.npz,39
6525193,1,1.710273,131.6219,2.4106,259.0,22.8,batch_0.npz,40
4815520,1,31.57868,177.20528,2.1223,2152.0,467.0,batch_0.npz,41
5640511,1,0.636244,131.96884,4.0,11.0,120.8,batch_0.npz,42
3542588,1,3.471412,133.7443,3.7219,114.0,34.3,batch_0.npz,43
7440748,1,7.064271,135.3776,1.3895,687.0,66.3,batch_0.npz,44
8378634,1,3.6294411,134.70075,4.5661,793.0,357.9,batch_0.npz,45
7257363,1,5.233516,133.1159,4.3747,427.0,26.1,batch_0.npz,46
5513866,1,0.755112,131.8073,3.1794,207.0,76.8,batch_0.npz,47
6470917,1,1.5060072,133.0255,2.7705,164.0,23.0,batch_0.npz,48
9899505,1,1.3325576,132.0534,4.2845,1006.0,118.1,batch_0.npz,49
10004738,1,13.93078,134.4261,2.1785,168.0,18.5,batch_1.npz,0
5024450,1,1.5259252,355.47847,3.7472,21409.0,588.9,batch_1.npz,1
8652999,1,15.160311,136.5515,6.0321,328.0,51.3,batch_1.npz,2
11752908,1,6.383203,132.2986,1.7238,984.0,22.6,batch_1.npz,3
11804465,1,4.43796291,171.008355,4.6714,16465.0,4570.5,batch_1.npz,4
9592579,1,2.6375741,134.21231,4.2809,5647.0,830.9,batch_1.npz,5
7047922,1,19.76191,135.1714,3.7104,368.0,38.3,batch_1.npz,6
4743513,1,2.08607713,170.96441,1.9185,5417.0,607.1,batch_1.npz,7
9119568,1,5.548297,133.9587,4.4866,62.0,19.8,batch_1.npz,8
8127607,1,16.609626,147.6127,2.9336,772.0,36.7,batch_1.npz,9
7369865,1,42.26276,152.3073,4.9786,685.0,58.9,batch_1.npz,10
4144231,1,22.913343,140.6493,3.229,5334.0,141.0,batch_1.npz,11
10341917,1,0.9337306,131.5278,4.9447,542.0,77.3,batch_1.npz,12
3328052,1,2.115486,132.01,3.7592,329.0,25.5,batch_1.npz,13
9899352,1,1.33256,132.0503,4.2224,235.0,28.6,batch_1.npz,14
2446113,1,6.717274,170.996,2.4261,290.0,56.1,batch_1.npz,15
11074178,1,9.18186,132.4076,3.4757,357.0,18.3,batch_1.npz,16
5524881,1,7.195425,136.037,4.0944,229.0,15.6,batch_1.npz,17
10880007,1,86.7988,199.895,2.9921,201.0,2.9,batch_1.npz,18
10383687,1,8.487855,176.9321,2.9984,271.0,44.6,batch_1.npz,19
3964562,1,3.0124773,135.2582,2.4685,1653.0,608.2,batch_1.npz,20
5181817,1,4.3504333,171.4313,1.7895,223.0,58.8,batch_1.npz,21
10268907,1,1.1039682,354.5823,0.9771,313.0,22.4,batch_1.npz,22
6960445,1,5.0743732,171.56478,4.1916,1015.0,194.3,batch_1.npz,23
9842906,1,4.9887,358.2252,8.3797,343.0,49.5,batch_1.npz,24
8180063,1,5.79506,172.6976,3.1661,1778.0,129.3,batch_1.npz,25
5702939,1,18.39902,144.8759,3.8671,125.0,14.0,batch_1.npz,26
7115785,1,0.566869,131.7516,3.4199,26.0,16.8,batch_1.npz,27
10747445,1,4.5935997,134.88812,2.5577,47245.0,681.8,batch_1.npz,28
3248033,1,1.3341094,133.69905,2.1315,369.0,222.1,batch_1.npz,29
5282049,1,5.9103688,360.28462,3.9793,19077.0,1263.4,batch_1.npz,30
10965740,1,21.787736,136.6943,4.0771,497.0,49.6,batch_1.npz,31
10616415,1,1.1206414,131.5923,2.0874,248.0,43.7,batch_1.npz,32
8505670,1,10.848507,171.8036,2.9606,1651.0,116.1,batch_1.npz,33
8197560,1,1.0242555,131.4917,1.8297,1894.0,41.7,batch_1.npz,34
9777256,1,1.332499,132.0925,4.3796,147.0,21.6,batch_1.npz,35
10686814,1,2.618399,134.0389,3.8911,277.0,21.0,batch_1.npz,36
6032517,1,1.7914047,132.99472,2.1473,337.0,71.3,batch_1.npz,37
5478055,1,15.852281,174.2297,3.9194,975.0,52.9,batch_1.npz,38
9025922,1,11.320258,177.08525,3.3119,6277.0,232.2,batch_1.npz,39
5124254,1,14.04978,140.5054,2.8757,480.0,14.3,batch_1.npz,40
7051984,1,0.3390709,131.86678,1.1581,42.0,45.4,batch_1.npz,41
3832474,1,60.322921,243.90628,7.0755,19997.0,299.7,batch_1.npz,42
8323753,1,6.714263,134.3146,2.8502,417.0,81.6,batch_1.npz,43
10213902,1,59.62217,138.1383,6.5098,1069.0,34.8,batch_1.npz,44
10480921,1,2.0374475,133.5948,3.5708,130.0,32.7,batch_1.npz,45
6387969,1,135.908,199.7497,1.8329,25.0,1.9,batch_1.npz,46
11495766,1,4.175069,134.1584,4.2508,41.0,6.2,batch_1.npz,47
10487119,1,3.37468528,131.76909,3.8253,78800.0,2731.5,batch_1.npz,48
6066403,1,1.3038632,134.21028,2.9007,503.0,142.8,batch_1.npz,49
5271608,1,2.490473,133.4414,2.0628,304.0,26.6,batch_2.npz,0
7385509,1,1.6554664,169.54768,3.3687,1736.0,225.3,batch_2.npz,1
8258171,1,23.627228,173.6509,8.2496,151.0,70.0,batch_2.npz,2
3337432,1,2.976023,132.9753,3.8188,93.0,26.6,batch_2.npz,3
11188249,1,2.755038,133.4253,3.4449,83.0,27.4,batch_2.npz,4
5283542,1,5.975807,174.7759,2.7555,870.0,52.4,batch_2.npz,5
9110357,1,0.8952779,133.41059,2.8125,1354.0,693.1,batch_2.npz,6
8046689,1,5.785382,137.0941,2.2309,297.0,16.1,batch_2.npz,7
8179973,1,2.497052,135.3073,3.7852,44.0,6.3,batch_2.npz,8
11392017,1,2.4557139,133.0291,2.36,289.0,32.6,batch_2.npz,9
11705004,1,9.033401,137.1703,2.6562,791.0,24.0,batch_2.npz,10
8162790,1,10.161102,141.5127,3.117,1048.0,43.1,batch_2.npz,11
6862328,1,119.02088,222.2359,8.0568,6555.0,247.5,batch_2.npz,12
11044770,1,15.608584,144.3011,4.6975,293.0,52.6,batch_2.npz,13
7107561,1,0.8125887,131.5606,1.2209,56.0,22.9,batch_2.npz,14
4677282,1,1.5721774,131.7763,4.1196,330.0,109.6,batch_2.npz,15
10031656,1,8.59004,131.9688,6.2875,299.0,18.0,batch_2.npz,16
10358759,1,10.338082,170.4151,3.6485,1166.0,50.4,batch_2.npz,17
5876368,1,0.52542651,133.18698,1.1461,356.0,73.0,batch_2.npz,18
10724369,1,55.63765,187.5588,6.9979,863.0,55.0,batch_2.npz,19
9084778,1,0.59224443,131.6536,1.0979,4127.0,341.0,batch_2.npz,20
7815931,1,1.8685565,132.5153,1.1811,225.0,22.1,batch_2.npz,21
9844088,1,3.7508299,171.15118,1.9921,2435.0,251.3,batch_2.npz,22
6677256,1,3.1258091,356.413,1.9158,240.0,33.3,batch_2.npz,23
11125936,1,1.33610946,178.25793,1.3584,2228.0,179.9,batch_2.npz,24
7046804,1,11.7201189,142.17341,2.9425,9698.0,961.8,batch_2.npz,25
10094670,1,22.0641,148.9152,3.5642,393.0,37.9,batch_2.npz,26
1871056,1,140.0914,216.245,18.3036,182.0,23.2,batch_2.npz,27
7428316,1,7.126783,137.4304,3.7318,164.0,17.9,batch_2.npz,28
8804397,1,60.08556,153.2564,6.7266,434.0,50.4,batch_2.npz,29
6307083,1,75.3781,167.113,5.1315,314.0,35.8,batch_2.npz,30
12020218,1,21.35913,135.0649,6.1108,622.0,34.7,batch_2.npz,31
10464078,1,19.403919,172.48461,9.9632,10442.0,351.4,batch_2.npz,32
6312534,1,1.5077614,132.94182,2.2302,6910.0,559.9,batch_2.npz,33
9468717,1,7.373379,134.0107,2.1008,115.0,38.6,batch_2.npz,34
9301506,1,0.3026108,131.7568,0.9711,189.0,25.1,batch_2.npz,35
9958962,1,25.53327,147.616,4.2031,340.0,29.1,batch_2.npz,36
6345732,1,20.26427,135.2796,4.4622,189.0,21.1,batch_2.npz,37
7102227,1,36.77019,164.2959,4.3302,1381.0,47.6,batch_2.npz,38
6699368,1,3.690317,131.5416,1.0793,444.0,55.7,batch_2.npz,39
3217264,1,160.0172,251.2846,5.643,1585.0,59.4,batch_2.npz,40
7967861,1,215.145,171.942,11.7248,195.0,5.6,batch_2.npz,41
10216045,1,16.88954693,183.15557,3.4113,9.0,0.6,batch_2.npz,42
12885212,1,2.0575069,133.3102,2.481,449.0,28.7,batch_2.npz,43
8330548,1,1.9141577,134.6443,2.9175,8807.0,256.9,batch_2.npz,44
9518318,1,23.85136,147.6167,2.6399,845.0,34.7,batch_2.npz,45
9366989,1,1.21903358,132.09973,2.03,10870.0,361.7,batch_2.npz,46
5308387,1,0.6207406,132.101,1.7297,101.0,36.7,batch_2.npz,47
8552498,1,0.53096754,133.84843,2.3412,216.0,134.7,batch_2.npz,48
9115800,1,4.4541913,172.819591,2.3071,16107.0,1363.9,batch_2.npz,49
10158990,1,1.0965841,133.6136,2.0671,306.0,44.8,batch_3.npz,0
3119256,1,4.142435,132.9066,2.5929,65.0,20.7,batch_3.npz,1
4945877,1,1.339665,132.1682,1.9264,28.0,38.0,batch_3.npz,2
6627507,1,7.374518,131.5611,3.3859,460.0,74.6,batch_3.npz,3
10674871,1,41.88971,171.999,1.7015,1182.0,32.9,batch_3.npz,4
6863839,1,1.9263586,133.6774,2.5499,184.0,36.9,batch_3.npz,5
4761060,1,13.379424,140.9234,6.9758,381.0,72.3,batch_3.npz,6
8607720,1,3.9978,261.7172,4.017,64.0,8.0,batch_3.npz,7
9150827,1,82.3721,208.421,6.3482,206.0,1.2,batch_3.npz,8
3336283,1,0.5764377,131.6883,2.0822,64.0,24.7,batch_3.npz,9
9570741,1,15.77955,175.9736,3.9971,563.0,43.6,batch_3.npz,10
4847782,1,30.95978,139.4373,2.8668,451.0,12.7,batch_3.npz,11
7770450,1,1.1578068,354.74335,2.6283,910.0,93.0,batch_3.npz,12
8192911,1,7.538885,135.3292,3.0899,425.0,17.5,batch_3.npz,13
9277210,1,4.94440412,132.76805,17.5425,24.0,13.7,batch_3.npz,14
3228959,1,0.7309,133.685,2.8862,223.0,34.8,batch_3.npz,15
8243283,1,1.759262,132.0742,2.3091,190.0,16.6,batch_3.npz,16
12366681,1,13.33387,263.789,6.5149,5.0,3.6,batch_3.npz,17
10812504,1,4.42968,133.1491,1.9611,201.0,3.2,batch_3.npz,18
8142942,1,5.756239,133.9029,1.0557,582.0,60.0,batch_3.npz,19
5816811,1,2.2277177,134.452,3.5686,2450.0,352.2,batch_3.npz,20
9162741,1,1.3686106,169.9527,1.6712,137.0,54.4,batch_3.npz,21
7296086,1,0.8907361,134.56614,1.3064,222.0,46.7,batch_3.npz,22
9366886,1,0.6335112,131.5647,1.3143,180.0,25.1,batch_3.npz,23
7838655,1,2.1132007,356.32839,2.4998,3051.0,298.9,batch_3.npz,24
8495415,1,11.08487,355.0392,1.9722,812.0,20.0,batch_3.npz,25
11913013,1,3.747802,355.3136,4.0261,6002.0,51.5,batch_3.npz,26
8558011,1,0.638154,131.7501,0.957,123.0,20.5,batch_3.npz,27
12643589,1,44.146094,211.53131,3.9103,3659.0,172.0,batch_3.npz,28
10876237,1,1.4659394,132.3297,1.3298,47.0,15.2,batch_3.npz,29
7377033,1,1.9568102,170.69388,2.1714,25313.0,978.0,batch_3.npz,30
10289119,1,16.10519,135.0005,6.1523,143.0,28.2,batch_3.npz,31
3233043,1,7.76967,133.09,4.7387,307.0,43.1,batch_3.npz,32
6685609,1,3.071563,133.3015,4.0809,92.0,25.1,batch_3.npz,33
11455491,1,6.142826,135.1622,4.718,137.0,42.8,batch_3.npz,34
3747262,1,1.3124652,132.2214,1.4817,43.0,18.8,batch_3.npz,35
6681233,1,32.63286247,177.22208,3.0758,41.0,1.7,batch_3.npz,36
6312314,1,1.221198,133.6119,1.8688,116.0,27.0,batch_3.npz,37
10407221,1,0.9337378,131.5208,4.9092,413.0,79.8,batch_3.npz,38
10485069,1,0.4452773,133.5227,2.0178,174.0,34.2,batch_3.npz,39
3644653,1,119.6817,176.117,5.6664,768.0,9.6,batch_3.npz,40
11761199,1,213.616643,141.64297,10.6307,123561.0,1990.8,batch_3.npz,41
8611832,1,22.59848,140.401,6.3434,166.0,26.2,batch_3.npz,42
9899181,1,1.3325472,132.0592,3.1847,28.0,23.4,batch_3.npz,43
6692833,1,10.80491,134.0944,2.9164,291.0,29.5,batch_3.npz,44
3228824,1,0.7309384,355.902,2.6613,530.0,53.7,batch_3.npz,45
10879656,1,0.3648612,132.0693,1.6677,124.0,28.8,batch_3.npz,46
8017703,1,44.00045,210.7593,5.2485,614.0,43.2,batch_3.npz,47
12470954,1,5.40534,131.8514,2.3245,117.0,5.4,batch_3.npz,48
6975615,1,2.0653504,133.1553,2.703,194.0,27.9,batch_3.npz,49
11255231,1,13.65517,137.5223,4.2684,215.0,16.1,batch_4.npz,0
2166206,1,8.096956,140.7412,2.5778,503.0,79.4,batch_4.npz,1
9692557,1,0.5719394,131.71487,1.0462,76.0,41.1,batch_4.npz,2
8892721,1,61.49075,163.6365,7.5329,3197.0,67.4,batch_4.npz,3
9159275,1,3.0447784,172.01896,6.8073,1798.0,239.4,batch_4.npz,4
3438975,1,2.9760145,171.66,4.0275,119.0,71.8,batch_4.npz,5
9053112,1,1.2748374,169.8738,6.3516,255.0,109.5,batch_4.npz,6
10858691,1,5.914256,133.4897,2.5635,247.0,17.0,batch_4.npz,7
6185496,1,0.474627,131.5439,1.0418,325.0,31.6,batch_4.npz,8
6768394,1,8.91935,140.0651,4.4059,196.0,33.6,batch_4.npz,9
10485250,1,16.469814,180.88179,9.439,11974.0,508.3,batch_4.npz,10
3130548,1,0.8788532,131.495,1.0875,314.0,29.4,batch_4.npz,11
8620565,1,0.7820455,134.02072,1.4911,15962.0,283.6,batch_4.npz,12
6422367,1,4.331346,173.7013,2.9318,223.0,25.2,batch_4.npz,13
3851130,1,2.6979068,133.6506,2.3689,122.0,36.2,batch_4.npz,14
3859363,1,1.5685982,131.6375,3.0018,321.0,34.3,batch_4.npz,15
2306756,1,386.60243,166.34219,6.8093,25086.0,1284.0,batch_4.npz,16
5108214,1,2.119128,132.5824,4.8907,45.0,15.1,batch_4.npz,17
3557493,1,0.3937265,133.30988,2.2231,480.0,80.4,batch_4.npz,18
9850893,1,8.48152,135.8044,6.0311,215.0,29.0,batch_4.npz,19
2438070,1,2.4429432,171.09694,2.9819,967.0,236.2,batch_4.npz,20
6468337,1,0.9598524,131.85093,2.0665,60.0,56.9,batch_4.npz,21
9595686,1,3.1082511,170.24404,2.5337,1880.0,173.7,batch_4.npz,22
5695904,1,0.42385469,132.18983,1.0099,240.0,35.1,batch_4.npz,23
5980208,1,0.7891622,131.5039,0.9263,236.0,29.6,batch_4.npz,24
11673674,1,4.6187664,133.386,5.5697,4971.0,1143.8,batch_4.npz,25
12121470,1,1.8773533,132.2645,1.8037,240.0,30.6,batch_4.npz,26
10031707,1,8.589686,132.014,6.5601,440.0,95.8,batch_4.npz,27
3547091,1,3.3055785,180.68055,2.0685,19199.0,292.1,batch_4.npz,28
9166870,1,3.8556,170.67875,2.9669,1206.0,122.4,batch_4.npz,29
10858691,1,1.796311,133.3352,1.7837,205.0,24.2,batch_4.npz,30
5982368,1,19.56309,369.1121,5.6756,5762.0,377.1,batch_4.npz,31
7366258,1,51.53005,174.1215,6.4115,3603.0,153.1,batch_4.npz,32
10489525,1,1.6122513,131.85045,3.0177,409.0,197.6,batch_4.npz,33
10549562,1,9.089381,139.0825,4.5814,926.0,107.0,batch_4.npz,34
8703884,1,14.17098,359.82915,3.5589,2912.0,130.1,batch_4.npz,35
10964440,1,19.12962,139.4344,3.4561,460.0,35.4,batch_4.npz,36
5428668,1,0.703399,131.65904,0.8271,414.0,24.8,batch_4.npz,37
3247396,1,8.811135,136.4533,3.9481,386.0,80.7,batch_4.npz,38
7336093,1,4.4040248,134.00341,2.4108,58.0,4.9,batch_4.npz,39
11100657,1,8.3441048,361.83848,1.8944,10803.0,232.3,batch_4.npz,40
4848424,1,1.501769,131.5643,3.377,113.0,20.9,batch_4.npz,41
4858610,1,2.722851,131.9153,2.5988,167.0,17.6,batch_4.npz,42
10544677,1,19.7357,138.5728,3.9369,240.0,16.4,batch_4.npz,43
6066416,1,1.30386393,134.20966,2.9454,176.0,183.9,batch_4.npz,44
10031500,1,8.58986,131.994,4.1687,312.0,15.1,batch_4.npz,45
8262210,1,1.6130154,178.5219,3.0781,158.0,31.3,batch_4.npz,46
4077901,1,12.10932,140.7647,8.3725,135.0,33.2,batch_4.npz,47
10407054,1,0.9337564,132.4432,4.3757,86.0,53.3,batch_4.npz,48
2576197,1,2.217029,171.697,2.6593,591.0,66.4,batch_4.npz,49
6678383,1,103.627,426.373,6.889,56.0,3.0,batch_5.npz,0
6780158,1,2.464183,131.9167,1.921,74.0,21.3,batch_5.npz,1
8937021,1,5.663616,133.89017,1.6285,2062.0,94.6,batch_5.npz,2
3098184,1,15.23928,369.561,12.7321,16447.0,155.9,batch_5.npz,3
3235672,1,6.72108,134.778,7.4645,93.0,6.0,batch_5.npz,4
8823426,1,1.5065044,178.18532,3.1726,772.0,94.1,batch_5.npz,5
11391667,1,1.08373681,134.13624,1.4942,8958.0,346.8,batch_5.npz,6
12833566,1,0.537844,131.5823,1.6092,21.0,11.2,batch_5.npz,7
7840044,1,13.542027,171.0979,3.2142,283.0,24.2,batch_5.npz,8
8244190,1,1.0920693,133.1925,1.7717,224.0,51.1,batch_5.npz,9
10843203,1,4.4296322,355.14348,2.6449,4822.0,202.7,batch_5.npz,10
11100670,1,20.23381,141.3922,3.8265,318.0,20.7,batch_5.npz,11
8008067,1,7.305685,131.7801,1.5557,218.0,31.8,batch_5.npz,12
8111919,1,1.6649821,131.6832,1.412,251.0,61.6,batch_5.npz,13
10934313,1,1.926891,131.6305,1.2821,157.0,16.4,batch_5.npz,14
8460600,1,6.35208972,134.20627,3.8651,79749.0,4594.1,batch_5.npz,15
3348082,1,3.982164,135.5266,2.2589,452.0,32.8,batch_5.npz,16
8560285,1,85.34088,386.21109,10.5934,43580.0,1377.7,batch_5.npz,17
6964159,1,25.50388,139.3566,3.5764,194.0,12.9,batch_5.npz,18
7812179,1,17.79441,169.59511,2.9859,1705.0,128.6,batch_5.npz,19
4180401,1,15.412528,144.9791,2.9439,786.0,35.2,batch_5.npz,20
4381282,1,0.497585,131.6555,1.3594,180.0,19.2,batch_5.npz,21
11551715,1,225.568,262.511,6.3127,456.0,6.4,batch_5.npz,22
8846163,1,26.77891391,186.20963,3.1249,40.0,3.9,batch_5.npz,23
3446451,1,0.64234826,131.91048,1.4482,258.0,188.1,batch_5.npz,24
6545051,1,1.995645,132.8635,4.6735,229.0,23.8,batch_5.npz,25
10676923,1,1.0310952,133.9381,2.1446,343.0,53.1,batch_5.npz,26
3858824,1,25.95365,154.845,9.9002,1660.0,69.0,batch_5.npz,27
10614012,1,132.1405,149.1599,25.9754,6562.0,1657.4,batch_5.npz,28
8501062,1,24.4021,149.474,12.5679,34.0,5.7,batch_5.npz,29
3836453,1,1.540391,131.9968,2.9564,212.0,118.9,batch_5.npz,30
7436215,1,25.58546721,177.07745,2.2763,47.0,1.6,batch_5.npz,31
8164257,1,16.85808,142.3461,2.0831,762.0,24.7,batch_5.npz,32
9532424,1,4.309101,134.7064,1.3928,126.0,13.1,batch_5.npz,33
6364276,1,5.243903,132.7021,9.083,166.0,23.8,batch_5.npz,34
7593110,1,3.54938827,134.24604,2.4529,55316.0,1109.4,batch_5.npz,35
5866099,1,36.977224,133.6226,5.9387,1272.0,158.9,batch_5.npz,36
7732285,1,4.390475,134.1307,3.1216,97.0,28.7,batch_5.npz,37
8672910,1,5.714834,134.8854,2.1752,253.0,9.8,batch_5.npz,38
9730163,1,2.984151,133.1194,1.499,5045.0,29.9,batch_5.npz,39
5357470,1,2.17259,133.0023,1.1995,423.0,48.1,batch_5.npz,40
9851271,1,8.480565,135.8403,5.4197,622.0,64.5,batch_5.npz,41
9210823,1,0.82820711,135.72095,1.9009,431.0,227.9,batch_5.npz,42
8435247,1,0.6961197,354.7755,6.7761,11563.0,211.6,batch_5.npz,43
8582291,1,2.468158,132.0637,3.2294,194.0,26.2,batch_5.npz,44
7778437,1,5.0142325,133.17363,4.599,6361.0,1257.7,batch_5.npz,45
3858949,1,25.95241,154.8713,7.5878,753.0,46.1,batch_5.npz,46
6678383,1,23.66834,132.7129,5.7564,455.0,90.9,batch_5.npz,47
8223328,1,35.516213,165.92946,4.1617,6640.0,799.2,batch_5.npz,48
11298815,1,5.738641,136.9208,3.0001,586.0,38.6,batch_5.npz,49
9612825,1,2.8465115,133.2444,3.2926,3769.0,118.1,batch_6.npz,0
11304987,1,0.69269425,131.8038,1.014,1497.0,175.4,batch_6.npz,1
9823564,1,129.68366098,244.8914,7.8635,291.0,5.0,batch_6.npz,2
8161830,1,1.10118564,132.61692,5.2008,28.0,21.5,batch_6.npz,3
5649215,1,2.4467361,170.66896,3.2701,3338.0,371.3,batch_6.npz,4
12106929,1,5.937192,171.576,3.8512,415.0,74.0,batch_6.npz,5
6373680,1,2.8706539,133.6655,1.6313,519.0,33.8,batch_6.npz,6
6103377,1,20.07113,136.929,6.1047,350.0,11.0,batch_6.npz,7
6960913,1,59.87769,151.1868,5.0111,1404.0,58.7,batch_6.npz,8
12062667,1,2.929296,133.71726,4.8631,469.0,171.1,batch_6.npz,9
9635510,1,2.351943,131.9162,3.7476,235.0,29.1,batch_6.npz,10
6531491,1,14.324336,364.3847,3.5975,1737.0,67.9,batch_6.npz,11
7906739,1,7.014751,136.882,3.9404,127.0,32.0,batch_6.npz,12
8509361,1,6.099,135.5217,3.7324,216.0,40.5,batch_6.npz,13
10481045,1,2.037315,131.5763,3.8913,103.0,18.5,batch_6.npz,14
3230753,1,17.73347,143.9329,5.3197,243.0,18.7,batch_6.npz,15
6891637,1,1.7525397,132.7307,3.9936,873.0,49.3,batch_6.npz,16
5607631,1,20.56999,140.2406,3.2431,326.0,23.7,batch_6.npz,17
8227661,1,0.9268482,132.6817,1.5422,435.0,19.8,batch_6.npz,18
5894073,1,10.585338,136.9856,4.522,359.0,58.9,batch_6.npz,19
3345675,1,120.002521,250.14165,4.9958,29250.0,348.8,batch_6.npz,20
6891543,1,1.7525598,134.47439,3.9215,1010.0,232.9,batch_6.npz,21
5513893,1,0.7551023,131.8143,3.0218,52.0,36.5,batch_6.npz,22
6359320,1,8.1281,358.681,4.1479,251.0,16.6,batch_6.npz,23
5649325,1,195.6115,167.7465,21.097,1971.0,174.2,batch_6.npz,24
10092312,1,4.4684566,138.74087,1.1126,891.0,73.0,batch_6.npz,25
10661771,1,1.2313643,133.03586,5.2267,1244.0,273.9,batch_6.npz,26
7516809,1,0.24183915,131.87566,0.8538,208.0,36.7,batch_6.npz,27
7124026,1,15.74616,145.5247,12.6998,202.0,50.2,batch_6.npz,28
5529738,1,0.7597584,131.7976,3.3451,211.0,72.1,batch_6.npz,29
10718726,1,3.595736,170.3701,3.5351,364.0,51.2,batch_6.npz,30
4079535,1,17.727244,356.79524,3.8542,20006.0,617.7,batch_6.npz,31
8127586,1,16.60951,147.6059,3.4761,343.0,15.8,batch_6.npz,32
5270698,1,3.96433383,136.02879,4.7665,27638.0,2494.8,batch_6.npz,33
9205938,1,108.593,173.7518,8.0975,361.0,28.1,batch_6.npz,34
10275805,1,112.6437,183.0189,5.8504,1758.0,23.1,batch_6.npz,35
7708215,1,7.942631,174.5243,5.0292,2247.0,144.3,batch_6.npz,36
7380829,1,3.174582,132.2463,8.1865,291.0,68.7,batch_6.npz,37
5618071,1,88.7936,160.568,10.9445,442.0,15.8,batch_6.npz,38
3120276,1,10.26551,136.4956,3.6284,396.0,29.4,batch_6.npz,39
6350476,1,1.1105995,131.57177,1.3734,194.0,51.0,batch_6.npz,40
6525249,1,1.7103257,131.6044,2.639,398.0,32.1,batch_6.npz,41
6233890,1,2.9954151,132.7777,6.1241,493.0,170.6,batch_6.npz,42
10599397,1,0.937444,134.71852,1.9388,4971.0,157.2,batch_6.npz,43
11456382,1,0.81428192,131.64675,2.5121,199.0,123.7,batch_6.npz,44
3861611,1,3.849332,134.4351,2.2271,603.0,15.2,batch_6.npz,45
9030447,1,0.5666931,133.8109,2.3577,123.0,63.7,batch_6.npz,46
6956233,1,4.8188665,358.1629,5.1321,2794.0,187.0,batch_6.npz,47
3858804,1,25.95068,174.8787,13.1767,480.0,57.8,batch_6.npz,48
2581191,1,1.9904434,132.7074,2.9845,152.0,28.3,batch_6.npz,49
10230571,1,123.1149,172.263,17.2442,296.0,7.0,batch_7.npz,0
3657176,1,17.41654,141.1028,2.6936,380.0,14.8,batch_7.npz,1
1725415,1,2.43731228,132.06982,1.8933,57.0,6.7,batch_7.npz,2
6191521,1,80.87159,203.8968,11.4216,3600.0,162.2,batch_7.npz,3
8179325,1,3.172753,133.9888,5.2611,371.0,32.7,batch_7.npz,4
6185711,1,11.702194,151.1334,2.0904,577.0,62.1,batch_7.npz,5
2014991,1,6.496807,132.1692,2.7451,126.0,14.8,batch_7.npz,6
8129042,1,54.3297,153.719,23.4542,343.0,23.3,batch_7.npz,7
5511081,1,24.31058,137.0438,8.829,187.0,43.2,batch_7.npz,8
10555375,1,5.8018305,137.57581,3.6784,656.0,113.4,batch_7.npz,9
3241557,1,1.7033565,132.4616,1.9602,97.0,23.4,batch_7.npz,10
5302643,1,69.20094,145.9458,3.8301,2080.0,30.8,batch_7.npz,11
8822216,1,6.996922,175.91364,2.7231,1282.0,135.1,batch_7.npz,12
9959589,1,1.332567,132.0505,3.9691,195.0,24.3,batch_7.npz,13
6752502,1,4.305218,170.45286,2.7209,9202.0,216.7,batch_7.npz,14
8176650,1,15.8011078,177.15245,6.3118,37927.0,2336.9,batch_7.npz,15
5217891,1,161.2287,189.151,18.2139,1186.0,23.6,batch_7.npz,16
3952651,1,32.90465,141.2947,3.0725,980.0,35.0,batch_7.npz,17
3351888,1,1.62552343,170.825688,2.3893,8047.0,929.2,batch_7.npz,18
9641018,1,2.178155,134.2018,2.5317,430.0,106.2,batch_7.npz,19
7955580,1,55.67454,136.5413,4.033,773.0,28.2,batch_7.npz,20
9369366,1,36.00549,144.3388,3.6574,114.0,16.2,batch_7.npz,21
9048161,1,8.6678241,137.3408,4.194,2649.0,492.6,batch_7.npz,22
4078157,1,16.025022,367.69262,3.3947,25112.0,424.0,batch_7.npz,23
10068383,1,7.3049752,169.64565,3.5445,10449.0,336.8,batch_7.npz,24
6301035,1,11.990972,143.283,4.245,1962.0,128.3,batch_7.npz,25
6462874,1,22.342931,155.0852,6.7474,3038.0,123.1,batch_7.npz,26
6307063,1,75.37822,167.121,4.4884,547.0,34.8,batch_7.npz,27
10485179,1,0.4452747,133.97129,2.0216,224.0,74.9,batch_7.npz,28
6233573,1,0.5874671,131.49837,2.8345,208.0,80.2,batch_7.npz,29
7918172,1,63.93401,162.8619,9.2049,1299.0,72.5,batch_7.npz,30
4570931,1,1.5449259,133.5492,1.0397,139.0,29.0,batch_7.npz,31
9777251,1,1.332557,132.0555,3.6557,126.0,31.7,batch_7.npz,32
5481148,1,22.023599,135.1811,2.0791,1943.0,42.8,batch_7.npz,33
7975727,1,22.41833,172.7962,5.336,12009.0,1066.0,batch_7.npz,34
6680177,1,16.61474,177.048,2.7655,70.0,3.5,batch_7.npz,35
10271691,1,63.9125,136.66,18.5535,115.0,9.6,batch_7.npz,36
10611420,1,11.505399,135.0981,2.5,288.0,14.3,batch_7.npz,37
9766437,1,12.532507,170.7639,3.9195,1148.0,70.0,batch_7.npz,38
11074835,1,9.49361,136.178,6.5226,70.0,7.1,batch_7.npz,39
5565497,1,1.41252409,131.70375,3.9261,953.0,677.3,batch_7.npz,40
8847111,1,0.57588448,132.00621,1.4716,479.0,104.9,batch_7.npz,41
10287248,1,4.72225588,178.24254,3.4236,86833.0,1813.7,batch_7.npz,42
4851464,1,5.54825343,133.21867,6.0914,49526.0,2307.0,batch_7.npz,43
9002278,1,5.714932,170.91887,2.3287,438.0,80.8,batch_7.npz,44
7379385,1,67.2156,171.782,15.5373,188.0,16.7,batch_7.npz,45
9520443,1,0.49507227,132.03122,1.1226,451.0,48.8,batch_7.npz,46
3838486,1,2.99026,171.9846,5.4934,860.0,65.5,batch_7.npz,47
12366084,1,11.379344,133.8511,2.3699,1072.0,42.5,batch_7.npz,48
3246984,1,1.6266374,169.81903,2.2178,1645.0,113.8,batch_7.npz,49
5717567,1,1.2876248,132.4287,0.8978,50.0,21.4,batch_8.npz,0
8453211,1,5.7767407,143.0974,5.0233,3663.0,467.8,batch_8.npz,1
9899355,1,1.332567,354.58651,4.1106,1372.0,145.3,batch_8.npz,2
5652237,1,4.4645483,132.3151,3.0312,265.0,57.1,batch_8.npz,3
10275766,1,354.963,156.993,15.6805,438.0,8.9,batch_8.npz,4
10259031,1,7.0611441,169.86393,2.3439,3577.0,173.2,batch_8.npz,5
10664416,1,25.32497,138.4453,30.658,419.0,59.1,batch_8.npz,6
11913012,1,3.7478426,171.6648,3.6465,423.0,58.4,batch_8.npz,7
4664046,1,1.1297578,132.5258,2.8427,157.0,16.7,batch_8.npz,8
11551692,1,7.8344508,135.22059,2.9987,1941.0,270.3,batch_8.npz,9
8349405,1,7.1688266,136.23827,1.289,93.0,3.6,batch_8.npz,10
10191070,1,1.2137451,170.58195,4.0443,2183.0,264.6,batch_8.npz,11
5307568,1,2.628385,131.6212,3.1818,119.0,24.3,batch_8.npz,12
8264070,1,2.8974251,450.7579,3.1872,1441.0,105.2,batch_8.npz,13
5184709,1,10.57906,141.0748,1.638,348.0,24.8,batch_8.npz,14
5475641,1,1.0698442,132.44265,4.9203,609.0,188.2,batch_8.npz,15
5306720,1,27.36431,143.4641,3.7109,1727.0,50.4,batch_8.npz,16
9353314,1,5.18498,131.8811,2.412,416.0,46.7,batch_8.npz,17
10518399,1,2.696392,132.9874,3.6638,143.0,28.0,batch_8.npz,18
2309585,1,1.8385144,352.72243,2.4355,7536.0,370.1,batch_8.npz,19
8891318,1,363.7077,204.0183,8.5344,1646.0,56.6,batch_8.npz,20
5479802,1,13.262616,136.2877,3.8669,1103.0,39.1,batch_8.npz,21
4157325,1,3.076508,353.7592,2.6119,202.0,33.0,batch_8.npz,22
11769890,1,122.8767,165.471,8.2007,785.0,42.3,batch_8.npz,23
10554967,1,0.5363397,131.7082,1.1485,528.0,36.9,batch_8.npz,24
3448130,1,78.5459,144.0697,8.8933,697.0,33.6,batch_8.npz,25
3336765,1,1.844866,132.1583,1.7162,100.0,26.8,batch_8.npz,26
5308666,1,0.78451141,131.98782,1.8678,477.0,169.6,batch_8.npz,27
8229696,1,10.12824,139.1075,3.7064,448.0,43.7,batch_8.npz,28
4275117,1,1.0065197,131.7163,1.1706,146.0,18.3,batch_8.npz,29
5709889,1,0.5268877,131.86486,1.2893,161.0,37.1,batch_8.npz,30
3544689,1,1.9228609,134.65798,2.6941,2517.0,323.4,batch_8.npz,31
10341913,1,0.9337554,134.3169,4.2716,220.0,130.4,batch_8.npz,32
6364162,1,5.243629,132.721,9.8991,129.0,22.6,batch_8.npz,33
7613246,1,0.7691238,131.5683,0.9653,164.0,24.0,batch_8.npz,34
5303551,1,2.399059,171.4559,3.2882,401.0,47.9,batch_8.npz,35
4075015,1,1.114304,131.756,2.2223,172.0,15.4,batch_8.npz,36
11955499,1,9.041798,137.8672,2.2317,743.0,37.2,batch_8.npz,37
11913073,1,3.7478395,171.6641,3.6646,764.0,219.1,batch_8.npz,38
8621348,1,11.34441,172.8404,3.5539,569.0,55.9,batch_8.npz,39
4150624,1,8.65312,134.3046,3.0585,588.0,34.7,batch_8.npz,40
4060815,1,4.28553,134.498,3.2702,43.0,10.2,batch_8.npz,41
9002278,1,122.38742,150.4041,6.6362,698.0,47.8,batch_8.npz,42
9214942,1,18.75444,141.7189,3.1591,947.0,37.3,batch_8.npz,43
10357040,1,46.8823,174.904,2.1676,298.0,5.6,batch_8.npz,44
9159242,1,3.044629,132.4739,6.0255,71.0,23.9,batch_8.npz,45
8845574,1,1.878156,136.2709,1.7009,871.0,44.1,batch_8.npz,46
5686174,1,14.282318,180.845,2.5173,992.0,51.4,batch_8.npz,47
9763754,1,17.477,186.557,4.0841,30.0,2.7,batch_8.npz,48
9529744,1,2.40456,131.67441,5.8741,408.0,204.1,batch_8.npz,49
5443775,1,3.3076711,131.56575,1.7461,264.0,81.2,batch_9.npz,0
7663691,1,10.006563,176.9659,5.1152,908.0,75.5,batch_9.npz,1
7025526,1,1.0741081,133.84115,1.8018,77.0,69.7,batch_9.npz,2
7037540,1,14.4058538,360.3841,5.562,32600.0,3147.4,batch_9.npz,3
6032981,1,3.32303,134.416,4.11,124.0,11.1,batch_9.npz,4
5649833,1,0.5979336,131.95439,2.0759,306.0,102.0,batch_9.npz,5
8175131,1,4.2712108,132.1066,2.8433,1824.0,85.0,batch_9.npz,6
2449074,1,4.9440222,173.74725,3.0607,910.0,94.7,batch_9.npz,7
6864893,1,40.87934,163.4143,5.1883,425.0,22.6,batch_9.npz,8
9655129,1,2.7439952,133.75788,4.2929,35145.0,267.3,batch_9.npz,9
4285107,1,2.2430251,133.4479,2.7773,363.0,69.9,batch_9.npz,10
3124412,1,0.9489512,134.36725,3.903,3505.0,334.6,batch_9.npz,11
5302006,1,6.146317,132.7474,3.3284,888.0,20.8,batch_9.npz,12
4952341,1,1.7968184,134.8341,6.4001,385.0,53.2,batch_9.npz,13
4913000,1,4.4425176,133.60703,1.8984,805.0,339.9,batch_9.npz,14
5015913,1,1.17996964,133.38122,2.0277,1012.0,377.2,batch_9.npz,15
7768952,1,22.46854,148.495,3.2456,224.0,28.0,batch_9.npz,16
2445154,1,8.41206,139.6436,3.8392,776.0,46.7,batch_9.npz,17
2021440,1,7.811385,136.3334,3.8466,844.0,37.2,batch_9.npz,18
4275739,1,2.17182783,355.08331,2.6005,43268.0,1694.7,batch_9.npz,19
10294613,1,1.8544962,132.48945,2.9532,1209.0,151.6,batch_9.npz,20
3340312,1,30.55296,173.903,3.5999,812.0,43.6,batch_9.npz,21
10363281,1,0.9349261,132.17719,2.1773,84.0,47.2,batch_9.npz,22
5648449,1,4.3488698,262.72625,2.3041,556.0,291.1,batch_9.npz,23
2697169,1,14.71266,366.023,4.2138,134.0,4.2,batch_9.npz,24
4951249,1,4.523439,135.4671,2.5312,297.0,20.1,batch_9.npz,25
10362031,1,3.213698,132.9813,2.2128,64.0,23.2,batch_9.npz,26
