kic,label,is_synthetic,period,radius,bls_period,bls_power,snr,sigma
6678383,1,False,51.75627,2.36,23.667733546709343 d,3.5123224047718545e-05,3.4027377176950133,0.0001121915609897
6435936,1,False,56.05628,2.18,10.099019803960793 d,0.0071501125149168,0.7307193191755578,0.002921888148207
10984090,1,False,51.07931,2.86,153.2090418083617 d,1.890339238821063e-06,2.2978085069046834,0.0001130777155408
2854914,1,False,83.4421,3.1,83.44988997799561 d,2.286790674775544e-05,2.063035117667283,0.0002220206330176
10797460,1,False,54.41759,3.1,367.5947189437888 d,9.928228593552504e-05,1.998091489344856,0.0007123976432095
11018648,1,False,91.7743,2.6,65.25185037007402 d,9.735757522420552e-05,2.9498325084853634,0.000387533615958
2854698,1,False,76.0503,1.69,19.198039607921586 d,0.0104489747558062,0.901414891114666,0.0039397245196205
1871056,1,False,140.0914,3.74,81.61412282456492 d,2.1193681974812504e-05,1.732495610763332,0.0001932858944919
10810838,1,False,56.35387,1.94,169.09241848369675 d,7.042943346844212e-06,1.6476671939318106,0.0002191849460538
5438757,1,False,62.9147,1.98,62.9371874374875 d,1.786212781222271e-05,1.018931930062126,0.0002649954287431
6960913,1,False,59.87769,2.33,268.7825565113023 d,0.0001685761689322,2.8639979200722454,0.0006953939799299
5526717,1,False,52.06986,2.18,382.121224244849 d,2.2185568343749323e-05,2.5523576955087277,0.0003054550499108
11669125,1,False,70.6985,2.22,141.39627925585117 d,6.332723711851425e-06,1.9989318189089136,0.0001625255573583
6803855,1,False,71.45245,2.8,268.4632926585317 d,2.621972592275547e-06,1.094899219345619,0.0001941895837987
10724369,1,False,55.63765,2.7,27.81816363272655 d,4.229414962600662e-05,1.0084300399473904,0.0003701817691642
4455231,1,False,56.6344,2.87,56.63172634526906 d,3.0666582571919295e-05,1.0315623430749552,0.000442770363013
10004738,1,False,56.4744,3.3,56.47209441888378 d,9.157280492059648e-05,2.702956715450568,0.0003315826070157
12121570,1,False,91.5021,1.85,325.6115223044609 d,2.0357770476302183e-05,1.7272992390771071,0.0003851399850922
10709622,1,False,51.3292,3.4,25.663132626525307 d,4.073285549823921e-05,0.7150221887568908,0.0004166261892416
9661979,1,False,69.8941,2.1,280.0366073214643 d,2.4542412258987395e-05,2.2474592551202046,0.000359957446764
9650808,1,False,125.5963,3.1,125.59271854370876 d,4.1388777117640486e-05,1.7873473792242316,0.0004227302498213
11769890,1,False,122.8767,2.8,22.151230246049213 d,0.0016696282730344,0.9822238454898166,0.001621143772076
10253547,1,False,59.9802,2.2,59.98399679935988 d,7.657479427701323e-06,1.208218241643603,0.0001810662635338
6468138,1,False,134.2519,2.59,134.29265853170637 d,5.748669490016491e-06,1.7501629357515542,0.0001551164605827
4370527,1,False,61.61929,3.2,10.178835767153432 d,0.0018230095721897,0.6205712788886651,0.0019495345523881
11601584,1,False,51.80403,2.5,25.90258051610322 d,2.7792523230993327e-05,1.1691949404723931,0.0002749165728748
9205938,1,False,108.593,1.89,108.59191838367674 d,7.940284824415577e-06,1.6140397025197553,0.0001791191520237
12154526,1,False,56.18944,2.2,168.53370674134828 d,4.794634645518001e-06,1.4971453293526722,0.0001672180221327
8804397,1,False,60.08556,2.12,120.16523304660933 d,1.0247312966463968e-05,2.299739261866461,0.0001571055661555
11297236,1,False,88.64578,2.7,88.6379275855171 d,2.1303110459679505e-05,1.868898045185846,0.000250755248974
8611781,1,False,76.9611,2.07,230.86997399479898 d,7.882555444521324e-06,1.5386458599566777,0.0002345941387096
7286173,1,False,56.435,2.3,28.21724344868974 d,1.198302087901007e-05,0.9033242973415048,0.0002473624907357
7955580,1,False,55.67454,2.2,176.59511902380478 d,0.0001190680233262,1.9426666823668013,0.0007191746365537
11622600,1,False,82.53186,2.73,247.63132626525308 d,4.024542685539234e-05,2.38461683827256,0.0005119856405335
3448130,1,False,78.5459,2.6,245.47629525905182 d,5.144917224603436e-05,1.869331003245753,0.0004933161116681
9836959,1,False,105.0129,1.88,105.00020004000801 d,4.128839797288075e-06,1.9664474075843563,0.0001033312493477
10213902,1,False,59.62217,3.5,29.81356271254251 d,4.7598072357553896e-05,0.891168877248314,0.0004737825278278
5695524,1,False,59.77049,2.7,255.5331066213243 d,2.5068074872567972e-05,1.7382289986158526,0.0003382863680775
6342333,1,False,80.23247,3.6,160.47229445889178 d,1.6336756532485343e-05,2.384810129591878,0.0003202949527185
3239671,1,False,147.9724,3.5,338.78115623124626 d,7.996616094791672e-05,1.8083409047023065,0.0006357628251133
11360571,1,False,77.2557,3.63,336.5463092618524 d,1.9785619153094603e-05,2.014579900670741,0.0002826997395655
5770074,1,False,63.03814,2.8,63.01700340068014 d,3.8547811839633634e-05,1.1235757007505147,0.0003616213677674
9955598,1,False,68.95803,1.12,271.81556311262256 d,1.4935908529085308e-06,2.6580057798503947,6.706732313771238e-05
10158729,1,False,58.6003,2.3,117.21204240848171 d,5.41188894884974e-06,1.2896774096124264,0.0002783355633375
3120355,1,False,78.0971,2.8,78.10222044408883 d,3.649247088806047e-05,1.113777210848642,0.0004384878784341
6149910,1,False,131.1897,2.01,37.555711142228446 d,6.786460253282647e-05,0.6186151582425068,0.0006263713427369
9651234,1,False,96.91492,2.3,193.8353670734147 d,2.04366423984092e-05,2.513428990245909,0.0002775322826358
7826659,1,False,211.03814,3.6,11.056811362272455 d,9.03125807987405e-05,0.425263841396081,0.000592293454063
8292840,1,False,100.2834,2.89,100.29105821164234 d,1.0014418887456298e-05,3.2279701867937094,8.300347176436247e-05
5128673,1,False,87.97294,2.9,87.999399879976 d,5.226802840622936e-05,2.0013318452937408,0.0002770604227795
5956787,1,True,147.8050880557745,2.6692811139991086,2.2770554110822165 d,7.999442463147094e-05,0.5772442459190674,0.0006891435044952
11392017,1,True,224.15457649079664,1.763987769617867,4.910982196439289 d,1.6389063544691754e-05,0.3621589612187775,0.0003997370998052
5649215,1,True,170.6058243112006,3.688625612511653,170.52910582116425 d,0.0003321542266459,3.198707783249899,0.0005432490580083
8046689,1,True,102.51984491571996,2.6867987009534797,102.52590518103621 d,6.931265950232774e-05,1.5885148803772626,0.0004527543116272
9661877,1,True,151.93498787488662,1.6215018558867489,122.55971194238849 d,1.7265051905365366e-05,2.9782519625239487,0.0003946094678323
9899181,1,True,218.6457965146145,1.7546094071709262,218.57831566313266 d,2.129251058413704e-05,4.060879177326149,0.0001236132466776
3120276,1,True,244.31971091302867,2.1300975443860697,122.1606321264253 d,4.42084797886534e-05,1.034239959177606,0.0005856497385387
8175131,1,True,232.48048578808547,3.792939112333293,382.121224244849 d,0.0006054676653934,2.8151644356793644,0.0014369473243316
8330548,1,True,114.6659925908634,1.0246387904760637,50.725345069013805 d,0.0037417430849899,2.335371836420116,0.0031999525795708
4913000,1,True,242.99186379718225,3.05463447758406,242.9221844368874 d,2.9843522415037294e-05,4.066673398464722,0.0001561600307899
3851130,1,True,186.09205475840372,1.6900990923408428,10.178835767153432 d,0.0100579254199894,0.5628245566097273,0.004455424056023
9153554,1,True,156.88740922795256,3.389019438104419,156.80076015203042 d,0.0001789378161548,2.1137771940188026,0.0006061479064114
8891318,1,True,154.9562893765211,2.9063647283485032,154.96499299859974 d,6.04282152142498e-05,3.338259768756289,0.0002215228938098
5184709,1,True,189.96744209257895,1.5986367755575126,80.49669933986797 d,0.0001488669763928,1.311829975116937,0.0006669017095838
6677256,1,True,181.05797000280992,2.4969605877509022,181.30426085217044 d,1.770964041888332e-05,1.9836948531236356,0.0002491500632918
6680177,1,True,190.49147045550217,1.3283940006151045,190.16383276655333 d,9.676644039023176e-06,0.8219646655610756,0.0003832718529672
10357040,1,True,267.6381576481048,3.378758929312566,267.9843968793759 d,8.315370379118239e-05,2.441583432663227,0.0005308436543426
8582291,1,True,263.8417567231774,1.583602555763695,292.8071614322865 d,2.447115251456188e-05,1.7950332020748063,0.0004500275402563
4180401,1,True,137.47294888424508,2.0466780201093124,19.118223644728946 d,0.0137614732599029,0.9776272010377558,0.005017197234635
11100657,1,True,145.3473027972994,2.0934829861626456,10.338467693538709 d,0.0702144245408579,0.8783234516331659,0.0095907107333915
6185711,1,True,90.5249984820129,1.8544648365116545,90.55351070214043 d,3.1152309265907686e-05,2.03004771381058,0.0002384037359178
7380829,1,True,114.40736996075016,2.0009536250350117,6.347669533906782 d,8.8042179417975e-05,0.5981602777874712,0.0003264847373913
9529744,1,True,66.49776807594569,3.276305863588425,66.4490898179636 d,0.0001542372286106,3.502470664967517,0.0002199041503238
10676923,1,True,240.52989717366293,1.3982677291723298,197.9857971594319 d,9.0884355855671e-06,0.99812595477623,0.0004091296616212
12833566,1,True,122.88895037609493,1.1116552736294891,9.859571914382878 d,7.694443199088741e-06,0.7274042669742389,0.0001479887544701
11391667,1,True,50.158970665218,1.1121406723472576,3.7935587117423486 d,0.0016138881971991,0.7055086893317646,0.0017772760103312
10843203,1,True,161.651723317405,3.917917322156912,161.66953390678137 d,0.0003408714029193,2.49078203832107,0.0008185639847003
8453214,1,True,90.76109300691442,1.9361914331594288,17.122824564912985 d,0.0015037679557862,0.6010562508704249,0.0022946917688683
5024450,1,True,194.2211468327199,2.249502381590308,2.9953990798159635 d,0.0038569867552356,0.4075286301558162,0.0026361051300568
6066416,1,True,292.14112544794085,1.9184696716427203,146.5843168633727 d,1.1298098733204767e-06,1.2403695519077191,8.382883696041125e-05
7975727,1,True,147.84390546368846,1.632600447469594,89.67553510702142 d,1.4941877478678622e-05,1.988437805983855,0.000254163182977
3858824,1,True,222.2031261525558,1.1602005829854682,12.97239447889578 d,0.0003101630262744,0.8812220503313977,0.0006263769503274
3119256,1,True,290.7357340789522,3.728443419682773,29.733746749349873 d,1.595436030185013e-05,0.7564272906106244,0.0002236403034612
7296086,1,True,247.2713790088784,1.2483488685207054,310.20704140828167 d,3.084494165231838e-06,1.332820571448731,0.0002689767045722
10068383,1,True,58.23992653228572,2.4142848912007557,8.58251650330066 d,0.5994043439120785,0.604736711646587,0.0291379306929998
8625821,1,True,176.20106537362426,1.801549021599561,90.79295859171835 d,3.5022625648184435e-05,2.1629494045656386,0.0003656233949525
4076976,1,True,193.80498157389871,1.507035164552693,193.51610322064414 d,1.468458797396502e-05,1.566999130820628,0.0003144013772431
6627507,1,True,137.73058996563128,3.410799252993152,29.494298859771956 d,4.245992826272925e-06,0.6452085549823183,0.0002124395101268
6752502,1,True,293.49451493027254,3.110231763766608,34.44288857771554 d,0.0017573930440468,3.2969145840879657,0.0017548787059124
3655332,1,True,197.4234184928725,1.3753838312676283,30.132826565313064 d,4.7211837555783896e-05,2.7889874979606977,0.0004106082151899
3336283,1,True,257.6734458370379,3.867987329104721,21.512702540508105 d,0.0006785508324902,1.4659034776946924,0.0006332286229429
10031707,1,True,139.6846245212477,2.8182096370960856,139.72014402880578 d,0.0105537983586996,2.418365038890563,0.0046075820472453
3858949,1,True,181.77268844312965,2.344783542422099,77.86277255451091 d,8.130763969477171e-05,1.8808412850528784,0.0004229236425477
10555375,1,True,133.1147562869604,3.376983368896097,133.1752350470094 d,1.0031009524778833e-05,1.315221638421074,0.0002438771258674
12885212,1,True,84.07280450381796,3.208027459216234,84.08841768353672 d,0.0007664350027145,2.838465592274995,0.0007404645845322
10275805,1,True,192.32533373204708,1.828427212514844,225.28285657131428 d,4.403308660269513e-05,2.3384310316910364,0.0006119920339436
3124412,1,True,102.575605036006,1.83986513237238,29.41448289657932 d,0.000163430551262,1.248970882676967,0.0008041865435367
9468717,1,True,166.34277581407383,1.1000116076652926,29.494298859771956 d,8.816894424076304e-07,1.085057033809232,8.195355928560244e-05
8847111,1,True,62.82964961797123,3.90727491646182,62.857371474294865 d,0.000408091402172,2.087466121334323,0.0006702028295046
6312314,1,True,154.40143428971476,2.6291810058628524,154.64572914582916 d,4.3699166715831525e-05,2.395460039896716,0.0002493329083744
7115785,1,True,63.9906712433916,3.7190807764043874,63.9747949589918 d,0.000330240550369,2.7158437674228333,0.0004296893060701
2446113,1,True,127.29615152115996,3.859541749008119,127.26885377075416 d,4.489822492085344e-05,2.6734151552754044,0.0002173313408553
3838486,1,True,184.18653588428103,2.9744269086676614,184.57671534306863 d,0.000493997439925,2.695958868361739,0.000826489892517
5357470,1,True,280.76488039703224,2.6496689291484503,228.4754950990198 d,0.0001399038004242,1.7638897014109385,0.0007848413956572
9366886,1,True,128.1106520739219,2.064222227482996,9.6999399879976 d,0.0105018139990487,0.7574380673538726,0.0033058080069822
2309585,1,True,138.55793570464814,1.3069669395035055,1.7981596319263853 d,0.0016266095342392,0.443601309411551,0.0010514064247621
9369366,1,True,50.58221443219014,3.5011087285172,50.56571314262853 d,4.295027901985794e-05,2.853287204640244,0.0001286003540913
6185496,1,True,270.03273389255406,1.2278086632848857,307.41348269653935 d,0.0001719347873999,2.4715365667765807,0.0008904317991517
3557493,1,True,248.9622426855933,3.2133029597774,381.7221444288858 d,0.0001115644889103,2.599096111184517,0.0006773129828043
8262210,1,True,227.91110654717204,2.7354110455158644,227.35807161432288 d,9.10244404736971e-05,3.390418581814884,0.0003304887542922
3340312,1,True,52.369666330885565,2.695092971628933,52.40148029605922 d,7.123962177134813e-05,1.649768121691363,0.0003057446591128
7840044,1,True,274.767797567642,1.0984798067062544,352.1104220844169 d,7.717632679284736e-06,2.6139638039817568,0.0002744080535064
8703129,1,True,102.78362300100076,3.469701728424848,361.2094418883777 d,0.0001716890067081,3.7240810473512287,0.0007501373322621
7708215,1,True,229.21718772863343,2.798308021175006,9.77975595119024 d,0.0198509319135413,0.6937182941050983,0.0049587936683668
6307063,1,True,204.4695168633748,1.917718762201623,204.45089017803562 d,2.5360176716361912e-05,2.6795917655680888,0.0002230377261584
9007866,1,True,262.9887647604421,1.254120987389414,382.5203040608122 d,3.052633383177668e-05,1.3343031955480875,0.0005945822350834
4077901,1,True,81.86844741413125,3.627590601696716,81.85357071414283 d,0.0004729742194326,6.27391930787895,0.0002753373781348
9899505,1,True,86.40647510506636,3.611194778695643,86.40308061612323 d,0.0004422283944368,2.4052468341909266,0.0007011298604611
6960445,1,True,68.16120366162768,2.3490046003813387,68.20504100820165 d,8.882312867054393e-05,2.495682039052948,0.0002479304035662
11456382,1,True,68.9828966295009,1.5548720340121691,2.6761352270454095 d,0.0004085346749335,0.3043587463763543,0.0008550627925618
3228824,1,True,279.42408629731926,1.54537700267569,4.751350270054012 d,4.232474040343575e-05,0.3766929874151221,0.0007183658805784
10876237,1,True,156.09574371294718,3.413741720407777,156.08241648329667 d,0.0001098524743022,4.816090145435574,0.0002238692324025
9119568,1,True,240.85054014113413,1.5783285700089529,18.798959791958392 d,0.0009016966157721,0.6543846295700443,0.0015744012950797
3241557,1,True,203.0527288117123,2.2258480480108647,203.09401880376078 d,2.295366517037215e-05,2.402816122464197,0.0002156365755938
5306720,1,True,126.72280422421218,3.623444811054121,126.78995799159833 d,0.0004641995516849,2.8875836681055773,0.0006769079933642
5015913,1,True,162.759789952027,1.2032635862238603,18.878775755151032 d,2.0422996758780933e-05,1.947283033972616,0.0001997394133377
3446451,1,True,66.79347967398387,2.7322396322841884,66.84816963392679 d,1.860512153470473e-05,2.0439109619323754,0.0001351012507275
2697169,1,True,271.0634360093084,3.077691823608105,271.3366673334667 d,9.421189362412223e-05,1.8046667781700425,0.0006886379071834
10275766,1,True,253.8824617677827,2.244212722054168,363.92318463692743 d,5.345323444446742e-05,1.8836383494643876,0.0005544870796584
5513866,1,True,235.49937290093703,3.543109788165404,235.1002200440088 d,9.190735560287116e-05,4.765538585597331,0.0002607982435466
1725415,1,True,150.92988920736008,2.4193366122083173,150.81456291258252 d,5.012876638770516e-05,1.5744035564181718,0.0004071435238581
7124026,1,True,139.29655667179696,3.0883632386368878,139.24124824964994 d,0.0001083361402188,3.913979610143144,0.0002437780729816
6032517,1,True,192.88164313077337,3.641378058124539,192.47849569913984 d,0.000150611754731,4.03484569742696,0.0003088279767298
11188249,1,True,171.02125088027287,2.1999931340357106,171.32726545309063 d,1.968681781545513e-05,2.5833497028675114,0.0001734968217971
8046659,1,True,125.6297520079958,3.71867262189008,125.51290258051611 d,0.0002501105363878,3.0998312984774303,0.0004399129965053
6780158,1,True,241.1014071346773,3.696879934188478,241.0864172834567 d,8.48435376269079e-06,2.204961605667574,0.0001546133259555
4848424,1,True,120.11282321835918,2.937095006776355,120.16523304660933 d,0.0004492787534364,4.172028010222172,0.0004204693051022
7385509,1,True,268.026057965112,2.92479832014122,268.1440288057612 d,0.0002610211859899,2.96029262357598,0.0007045756194298
5302006,1,True,285.3589596049108,3.2813991337305617,308.77035407081416 d,9.335936306458096e-05,1.3767336954323546,0.0014179011541225
8258171,1,True,299.91931437930725,2.043448317564036,8.6623324664933 d,6.979733911439565e-06,0.5564727556972815,0.00011148507917
11304987,1,True,143.54499256366935,2.548968221024582,143.55131026205243 d,5.6689151705164726e-05,1.3846302755245834,0.0005344978724165
11125936,1,True,197.95055980366928,1.6413903478302905,28.057611522304462 d,9.680516182795526e-05,2.4282964828830305,0.0006108311954411
10487119,1,True,299.14796297119875,3.139136471566803,13.850370074014805 d,0.0055827419142454,0.8446869401540669,0.0047013909291839
10599397,1,True,96.13998319841868,3.830562674279267,17.761352270454093 d,0.0009704422036879,0.5863036412632407,0.0019801404614152
5652237,1,True,157.7261559500878,1.704748364211346,35.71994398879776 d,3.648975107278973e-06,0.8158015218577399,0.0001896120865468
5217891,1,True,118.95471068282994,2.3669097363938145,119.04780956191239 d,8.476143364184065e-05,1.1832382033678757,0.0006709124040623
6525193,1,True,164.03347887675096,1.793830104993714,363.36447289457897 d,9.831397406331128e-05,2.126261646757245,0.0007772123087005
5478055,1,True,77.8587486616555,3.007592154825737,288.57691538307665 d,0.000170001425128,2.762362232449044,0.0007115727613972
9692345,1,True,164.47160460905857,2.98030027497384,164.70254050810163 d,0.0006718496266642,3.2440969065764653,0.0007618086133373
5717567,1,True,298.6720208146456,2.242978144876937,297.51630326065214 d,9.847950121435473e-06,3.740899713131297,0.0001078497560585
4951249,1,True,95.39393322017844,1.642040075564918,357.5379075815163 d,1.520899498538112e-05,1.1658813499635257,0.0004803137660063
5618071,1,True,118.77206797630996,2.5384093139115045,241.80476095219046 d,1.0980630471661484e-05,1.912329312844674,0.0003737074245933
6312534,1,True,132.1564924194061,3.5033665017944275,132.21744348869774 d,0.0005588945695545,2.5676144614734597,0.0008819051584254
9520443,1,True,67.04464860336263,1.694388389044167,67.00780156031206 d,7.03536227491301e-05,0.9168608268607048,0.000599968344059
6199702,1,True,260.27112810298,2.659524237424417,259.6835367073415 d,3.806185615029273e-05,2.0184739106458904,0.0003565152994468
6233573,1,True,235.8711484464165,2.496658259553792,356.8195639127826 d,2.883349814613812e-05,2.370808044605872,0.0003723500472983
7037540,1,True,247.43438094931383,3.732484566994271,247.15243048609724 d,0.0001958418233789,4.476864364086495,0.0004035553972668
5524881,1,True,273.0735014666176,1.1666335629627596,21.59251850370074 d,7.4094513984162685e-06,0.2369413369282045,0.0004516479588918
5817553,1,True,184.75094753186468,1.5814907851681066,21.03380676135227 d,0.000600772375846,1.5114163135705088,0.0005775239819809
5956787,1,True,99.30498592859814,1.9916264914898272,2.2770554110822165 d,7.878755744038698e-05,0.5786092823464567,0.0006823117368048
5481148,1,True,127.12096714627796,1.6655480800189448,9.380676135227047 d,0.0021748040355761,0.5445219275258787,0.0020623534264386
11392017,1,True,183.48065579384223,3.367919492736144,4.910982196439289 d,1.640988873737566e-05,0.3620720307075768,0.0004000870219246
5649215,1,True,148.6936617819719,3.5193450589191864,148.73934786957392 d,0.0002804950217318,3.0365664266858943,0.0005270753833134
9661877,1,True,191.58313675342396,2.643447003264664,191.7601520304061 d,3.3922459710074706e-05,2.0740280001396667,0.0004011723683976
8046689,1,True,186.10055377913895,1.8246438795197917,186.25285057011405 d,1.105581335606334e-05,0.8544312768596432,0.0004449257017195
8175131,1,True,201.63493669053744,2.1903930963665927,260.88077615523105 d,0.0004821469110804,2.0719263692006065,0.0014037117940075
3120276,1,True,235.52980878320952,3.511336931821659,235.33966793358672 d,0.000244133482755,2.731023632863825,0.0006261018359672
4913000,1,True,57.646780492852336,2.014531682034347,57.66933386677336 d,1.564481363682053e-05,1.640982854335748,0.0001358081636207
9899181,1,True,187.3101287266005,1.9833200125417212,187.76935387077418 d,3.55486942695578e-05,4.898278710919446,0.0001312559828461
8330548,1,True,73.260417570392,1.2224960861588257,50.725345069013805 d,0.0037533615209477,2.3392935232325547,0.0031995439408923
9153554,1,True,144.17951005716156,3.317762767098808,144.1100220044009 d,0.0001855637508624,2.059816303216903,0.0006049704019143
3851130,1,True,113.76777892450438,3.1141016124767966,10.178835767153432 d,0.0100014451269208,0.5606573017619285,0.0044600710118076
5184709,1,True,100.02782550467684,3.1476532463577387,100.05161032206442 d,0.000187720143104,1.5471602982853443,0.0006782002323047
6680177,1,True,99.89078288047736,1.706966265745497,99.8121624324865 d,2.686836654983857e-05,1.0511578165448825,0.0003850621080736
8891318,1,True,53.08134379096903,1.972739364046149,53.119823964792964 d,2.540770352006664e-05,1.4134079061620357,0.0002037041846928
11100657,1,True,130.56519681615475,2.351207301710736,10.338467693538709 d,0.0701955187307017,0.877948679123756,0.0095935129210794
6677256,1,True,80.59233022157403,1.2021471745456689,368.47269453890783 d,3.3699776418052683e-06,1.2450486744719846,0.0002440510875313
10357040,1,True,279.755629675461,2.0723025269845428,335.66833366673336 d,1.932384066593355e-05,1.4081820280811923,0.000513200492601
8582291,1,True,106.15376061496622,3.403226325749133,106.03780756151231 d,0.0002647254644794,2.7139251663700774,0.0004815419666642
4180401,1,True,175.7320246033023,1.7728635985929135,19.118223644728946 d,0.013842291440674,0.9802994019996872,0.005018191636528
6185711,1,True,80.38129891688368,1.987119596960032,80.41688337667534 d,4.212140985435058e-05,2.0853799255108942,0.0002408285802572
7380829,1,True,86.85508582783501,3.33112552594062,86.80216043208642 d,0.0001863972160704,2.7816994772896093,0.0003501291138206
9529744,1,True,219.720622859541,2.5984135491543205,9.620124024804962 d,2.6725045391503028e-05,0.8559733535230918,0.0002002065511356
10676923,1,True,73.06552656042582,1.2900412625380415,197.9857971594319 d,9.187362554988508e-06,1.004225120078644,0.000408851970838
8453214,1,True,172.132512437781,2.592261583561694,17.122824564912985 d,0.0014916892264227,0.5959624144293453,0.0023049917136842
12833566,1,True,194.0152508790778,1.5175611224717294,9.859571914382878 d,7.788438884484032e-06,0.7279883952668409,0.0001487704621526
11391667,1,True,147.75987139309325,1.987538418505724,3.7935587117423486 d,0.0016101402695963,0.7045346234967991,0.0017776654766097
10843203,1,True,216.4617612543946,1.1906158109345946,4.4320864172834575 d,0.0001996162623323,0.339252777918989,0.0007781263709621
5024450,1,True,155.8710197957851,1.9256847780597464,2.9953990798159635 d,0.0038723438276941,0.4083664594953556,0.0026359287575631
3858824,1,True,79.47595246326837,3.0233687735679644,79.45909181836367 d,0.0004366303935679,2.408075321460375,0.0006645455023908
6066416,1,True,295.9067918491865,3.56301050103478,296.47869573914784 d,5.942564872116245e-06,3.6996113438386007,9.050924214980136e-05
7975727,1,True,68.84445687257305,1.4192935462899472,89.67553510702142 d,1.3978184204713236e-05,1.914194133288026,0.0002521527875308
3119256,1,True,56.16020875227694,2.980082812702164,56.152830566113224 d,1.4798659200608944e-05,1.033754116957315,0.000222191529999
10068383,1,True,110.3819059458604,1.3889796100952756,8.58251650330066 d,0.599838654700318,0.6049826728741069,0.0291366344433961
7296086,1,True,245.00067082033556,1.2378438457992085,322.498699739948 d,3.421304366365665e-06,0.9779637602966148,0.0002688255200375
6627507,1,True,210.7571974248628,2.0438565550716445,29.494298859771956 d,4.461506710759016e-06,0.6635418187540185,0.0002117474831017
3655332,1,True,138.59766849849743,1.7779893776487294,30.132826565313064 d,4.74493660752872e-05,2.7900510746031566,0.0004114829108512
4076976,1,True,245.3202688165733,1.230451258996882,187.8491698339668 d,1.2048445032210868e-05,2.2001388085822318,0.0003124246762229
8625821,1,True,141.66110758252768,1.8971761329384704,141.79535907181437 d,3.614350950158726e-05,1.506198544633216,0.0003674446535754
6752502,1,True,196.67876313678528,2.9211433739084303,34.44288857771554 d,0.0017375640255026,3.160264041408857,0.0017470672020932
3336283,1,True,93.12311198727308,1.3138267186395942,21.512702540508105 d,0.0005875965810739,1.4296804541940344,0.0006043844529718
3858949,1,True,71.39402554735659,1.5254049369347809,12.97239447889578 d,9.829844389392148e-05,0.7451577911120536,0.000416503418461
10031707,1,True,184.44067645059036,3.00699588284577,184.73634726945392 d,0.0119018651857088,3.360415195779833,0.0046616933738282
12885212,1,True,275.72270965543703,1.5746061505184676,275.4870974194839 d,3.133094010760245e-05,1.1512906308149258,0.0006910335663136
10555375,1,True,130.47159823419946,2.392273100488891,7.305461092218444 d,6.991323117737218e-06,0.2598897471773917,0.0002415877695064
3124412,1,True,101.6923584493195,2.3991697344440874,29.41448289657932 d,0.0001644136354987,1.2500766237351613,0.0008058881595609
9468717,1,True,271.947044096441,2.475039254995628,271.2568513702741 d,2.355200174987638e-06,2.117043406648813,8.513637343553534e-05
10275805,1,True,214.8638750107067,2.166273600209172,225.28285657131428 d,4.39639147631552e-05,2.3294243149954226,0.0006138755612811
8847111,1,True,299.35999582161867,1.9401904400652183,27.419083816763354 d,0.0001161563573995,0.6703261847933271,0.0006507174805436
7115785,1,True,276.8777196493264,3.921722169670602,277.5623124624925 d,9.606999238539644e-05,2.885012655178251,0.0004332200994453
2446113,1,True,106.87289431455736,3.123232505126604,106.75615123024606 d,1.114219821946914e-05,1.2923407352286376,0.0002067978919004
6312314,1,True,130.62086901922444,2.9740607597324638,130.62112422484498 d,6.644806706079633e-05,2.8917624354466978,0.0002546891944687
5357470,1,True,214.98574349771604,1.0366876581076876,228.4754950990198 d,0.0001414228129418,1.7847121643475967,0.0007798841998887
2309585,1,True,108.20085858216206,3.557272572961491,1.7981596319263853 d,0.0015977496990301,0.4311915706798079,0.0010720274331243
3838486,1,True,284.1546605289526,3.0299330835291443,284.34666933386677 d,0.0002801156762632,2.6146770746908072,0.000819569391728
9366886,1,True,152.81586498503805,2.1558318580695426,9.6999399879976 d,0.0104890658291084,0.7567843429934346,0.0033066548192705
6185496,1,True,295.6231479418687,1.455529576596254,307.41348269653935 d,0.000171354786999,2.462910843430961,0.0008920418986605
3557493,1,True,119.4761403826935,3.685385723314976,119.44688937787558 d,0.0002699786796697,2.265706366577824,0.0006930332156423
9369366,1,True,155.62351951346383,1.458060966606407,369.74974994999 d,1.4452218906200795e-06,1.5431453747880548,0.000118117921353
5444384,1,True,164.23204629248588,2.179165509453329,21.273254650930188 d,0.001518281819814,1.903479877842872,0.0016285434953594
3340312,1,True,266.2041793718033,3.982438916134733,266.1486297259452 d,9.012777963614284e-05,3.5751622747411407,0.0003372389529803
7840044,1,True,271.2934752231283,1.348616972762144,338.54170834166837 d,8.31881643770437e-06,2.7132393320568657,0.0002744713617438
8262210,1,True,115.6306558001158,1.4126844427534042,115.61572314462893 d,1.084656629536118e-05,0.9376355965074004,0.0002979234241222
8703129,1,True,189.18591563663105,2.281351077588995,361.2094418883777 d,0.0001717142565955,3.723945768090564,0.0007502197428151
2446113,1,True,203.87662387477675,1.971449537665631,394.01380276055215 d,7.74371753896934e-06,1.9523497436859123,0.0002057294727914
5357470,1,True,266.2481069497407,1.7824833783615828,228.4754950990198 d,0.0001407520917135,1.7807043147368908,0.0007797837627322
3838486,1,True,292.72703935331776,2.7238742016362503,293.12642528505705 d,0.0002744807974731,2.599309082923022,0.0008127565930443
2309585,1,True,52.23560276453233,2.9051568429453862,1.7981596319263853 d,0.0016214314176589,0.4386091559175505,0.0010616793928369
9366886,1,True,170.48039777719893,3.466485837258903,9.6999399879976 d,0.0104161749831116,0.7486540717085493,0.0033309302369933
3557493,1,True,82.97432714378392,2.7351905739248163,381.7221444288858 d,0.0001113962221789,2.61626262918246,0.0006723611993331
9369366,1,True,248.8708770416944,2.7824355327908106,248.66893378675738 d,3.404670292945168e-06,2.097252318436316,0.0001208506283215
6185496,1,True,125.17950750033938,1.1927487149656866,307.41348269653935 d,0.0001719722673065,2.473937310967445,0.000889664664125
3340312,1,True,57.4079146874278,2.959682580945,57.42988597719545 d,0.0001248296582196,2.187940541491173,0.0003113488278752
5444384,1,True,79.26421453922009,3.7378863747224624,21.273254650930188 d,0.001514909395298,1.8733015079521176,0.001652940052939
8262210,1,True,270.4905368175437,1.910185663370815,271.01740348069615 d,2.4675994861705092e-05,1.911753025682498,0.0003051662817132
7840044,1,True,77.31973384962158,3.081131073965766,77.30406081216243 d,0.0001629136848067,2.905902899974818,0.0002985167705645
8703129,1,True,75.99699271868114,1.3799839004424128,361.2094418883777 d,0.0001717337479395,3.723988320350408,0.0007502537475625
3728701,1,False,51.1295,2.7,51.124424884976996 d,1.3692501743256907e-05,0.8461052119372304,0.000308858703231
6606438,1,False,103.4278,2.6,15.127425485097021 d,0.0003168557690087,0.5319459480844844,0.0011257968451886
9026749,1,False,66.5598,1.49,199.6619323864773 d,3.1632285478716998e-06,1.0516168512220112,0.000202868840392
10027247,1,False,86.8299,1.66,17.601720344068816 d,0.0012669818872054,0.942643339278316,0.001404814154021
5881813,1,False,109.64811,2.7,109.62952590518104 d,3.681845655409031e-05,1.453258480701554,0.0004065029424185
7877978,1,False,56.57372,2.04,202.5353070614123 d,4.922509401880951e-05,2.081658156094705,0.0004864780460144
8822216,1,False,151.8654,2.14,268.30366073214645 d,0.000579007355885,2.440160041085893,0.0014866111687892
5966322,1,False,60.9292,3.12,121.84136827365474 d,1.8197853178467666e-05,2.152123749149566,0.0002312060365086
9782691,1,False,50.69852,2.96,322.97759551910383 d,7.835421700793845e-05,2.2640335790949573,0.0005672852856573
9958962,1,False,90.41119,3.4,15.20724144828966 d,0.0025074650032676,0.5661688792808428,0.0026427886627708
7364176,1,False,135.1898,2.52,135.17063412682538 d,6.336650771089187e-06,2.7072470615176853,0.0001248117589875
8686097,1,False,172.6909,3.05,172.68413682736548 d,5.566240035073307e-07,4.113229100043474,8.111722095662481e-05
3217264,1,False,55.3285,2.66,110.66713342668534 d,7.922150245983752e-06,1.366496823407174,0.0002419044778556
8017703,1,False,247.3503,2.22,41.945589117823566 d,5.393694973427611e-05,3.405965121315691,0.000260529981829
6508221,1,False,88.25474,2.9,176.51530306061213 d,1.5335602715055952e-05,3.93687339539666,0.0002196959471702
10965008,1,False,81.1699,2.9,162.3080616123225 d,3.166680011253066e-05,2.680249926112074,0.0002831036397164
7347246,1,False,86.1151,3.1,86.08381676335267 d,3.027333641903189e-05,0.7336362692251066,0.0005752079623882
8008067,1,False,157.0702,2.8,15.765953190638129 d,3.394992391685736e-05,1.0431176152991972,0.0001735426582511
10593626,1,False,289.8622,2.1,269.1018203640728 d,1.1252532082290644e-05,2.54853420269548,0.0001890008660339
9002278,1,False,122.38742,1.54,18.160432086417284 d,3.657451982731744e-05,1.0627192997972423,0.0002501586771886
6681233,0,False,32.63286247,0.56,396.40828165633127 d,1.0179571838505176e-05,1.3096566890347865,0.000349813383455
8552498,0,False,0.53096754,1.8,5.310062012402481 d,9.816173541247848e-06,0.647878946026312,0.0001939798773367
8349405,0,False,7.1688266,0.97,377.3322664532907 d,7.682327102544905e-06,0.8178377314502817,0.0004841514248265
11304987,0,False,0.69269425,8.0,11.775155031006202 d,5.522569543900075e-05,0.8556480573744992,0.0005280703619933
2449074,0,False,4.9440222,2.61,39.551110222044414 d,1.5782261666013126e-05,1.3750525321273332,0.0003347242624438
9369366,0,False,36.00549,1.9,369.74974994999 d,1.4681895553829293e-06,1.5592556191708913,0.0001178227401771
8192911,0,False,7.538885,1.95,8.742148429685937 d,0.0021868770744867,0.5074051788569347,0.0023015626873537
12470954,0,False,5.40534,0.88,17.122824564912985 d,0.000156776640716,1.071149487615246,0.0005486086696072
8845574,0,False,1.878156,3.1,1.877975595119024 d,0.0002037723136315,0.3362744121264461,0.0008451234274546
10230571,0,False,123.1149,0.46,360.81036207241453 d,4.555375136482877e-05,3.2321658766472248,0.0006157713979494
7768952,0,False,22.46854,7.21,398.56331266253255 d,3.1488476678004813e-06,1.5868169554289815,0.0001589448254704
9210823,0,False,0.82820711,3.3,198.94358871774355 d,1.5191511438924655e-05,1.5104186644996171,0.0002620096468236
8180020,0,False,5.80312836,20.4,29.015403080616124 d,0.0592997056878148,4.052196846287766,0.0090596077891462
12833566,0,False,0.537844,0.57,9.859571914382878 d,7.674511814018865e-06,0.7274561816596765,0.0001477864105557
6677256,0,False,3.1258091,1.81,368.47269453890783 d,3.4156253179016905e-06,1.2558971589191517,0.0002435760603456
9851271,0,False,8.480565,2.6,16.96319263852771 d,2.394164270213961e-05,0.7029581427401562,0.0003250707076313
8672910,0,False,5.714834,1.44,17.44208841768354 d,0.0055759156216622,0.7773641744074717,0.0031280791126309
10879656,0,False,0.3648612,0.95,203.25365073014603 d,8.419210864779551e-06,1.0684280138551083,0.0003961334331928
6307083,0,False,75.3781,1.3,368.95159031806367 d,0.0015334811544119,2.6138317914153086,0.0021512491730042
9159275,0,False,3.0447784,3.3,12.174234846969394 d,0.0004431966155881,0.9106682402296896,0.000633411456987
10812504,0,False,79.9186,2.2,35.71994398879776 d,0.0010614336953585,0.8592200475041684,0.0019413094224128
11752908,0,False,6.383203,2.3,299.6713342668534 d,0.0002053215854073,4.196013773920564,0.001029636801437
6699368,0,False,3.690317,2.6,316.2730546109222 d,4.400609756530336e-05,2.00998767504836,0.0004191477985518
4861527,0,False,25.70558,1.8,128.54590918183638 d,6.023427026429692e-06,1.048232243918703,0.0002263457910945
5481148,0,False,22.023599,5.2,9.380676135227047 d,0.0021724575677875,0.5442620517551561,0.0020622247625409
6066403,0,False,1.3038632,2.0,13.690738147629526 d,1.780995527064516e-05,0.9092121490221772,0.0002974518685186
12121470,0,False,1.8773533,1.71,140.11922384476895 d,1.1395298374998598e-05,0.8566685600919943,0.0003818345461386
4365442,0,False,1.7144088,1.34,12.174234846969394 d,2.2387500689866043e-06,0.2550889272150784,0.0001607159894382
9899352,0,False,1.33256,1.26,23.986997399479897 d,1.6056752500428018e-05,0.4829413748817748,0.0005881768189485
10674871,0,False,41.88971,34.0,8.821964392878577 d,0.0023296591016246,0.6526929090076187,0.0019531628024301
9899181,0,False,1.3325472,0.39,18.95859171834367 d,5.974271364962724e-06,0.805312302586241,0.0001027826702884
5702939,0,False,18.39902,1.03,18.3998799759952 d,3.8085177352669006e-06,0.6418956123606581,0.0001887317222257
5982368,0,False,19.56309,10.9,370.54790958191643 d,2.72294534155984e-05,2.9718248003163747,0.0003584186819038
11188249,0,False,2.755038,0.9,2.755951190238048 d,3.0455699267224806e-06,0.1404438456243724,0.00016368439033
7296086,0,False,0.8907361,1.76,310.20704140828167 d,3.1286422789140907e-06,1.345217408339411,0.0002683983583903
5524881,0,False,7.195425,1.49,21.59251850370074 d,7.427561706008717e-06,0.2374831398536387,0.0004511679197887
4381282,0,False,0.497585,1.03,367.35527105421085 d,2.0042063905998595e-05,1.0954777356581709,0.0005898574203379
10544677,0,False,19.7357,1.6,39.47129425885177 d,8.113486856135051e-06,0.9282185447436712,0.0003016361248298
9084778,0,False,0.59224443,6.5,33.16583316663333 d,0.0003621203759138,2.4766311930876768,0.0010866261207163
11761199,0,False,213.616643,67.0,305.0190038007602 d,3.175594185038108e-05,1.292396400907497,0.0006046653568965
3119256,0,False,4.142435,1.87,29.733746749349873 d,1.4737359461699831e-05,0.7371311315688959,0.0002206670491005
4570931,0,False,1.5449259,1.9,309.88777755551115 d,1.6584279460873569e-06,1.7700110786647516,0.0001739215089472
7097534,0,False,2.213936,0.93,287.53930786157235 d,6.286156081470453e-06,1.6129448539183064,0.0002538384615363
5640511,0,False,0.636244,1.89,348.0398079615923 d,2.781807827294094e-06,1.8618572713906028,0.0001320803652765
10812504,0,False,4.42968,0.9,35.71994398879776 d,0.0010614336953585,0.8592200475041684,0.0019413094224128
3859363,0,False,1.5685982,1.85,357.29845969193843 d,4.291154244305244e-05,3.4241863231086227,0.000541096429166
5876368,0,False,0.52542651,1.62,3.1550310062012406 d,8.741107043710652e-06,0.1605337490372654,0.0003314464623903
9899355,0,False,1.332567,2.8,23.986997399479897 d,0.0001059784312546,1.1702795635206198,0.0006611994582391
9899505,0,False,1.3325576,2.6,23.986997399479897 d,0.000126047321567,1.2484255534206457,0.0006647810276075
7124026,0,False,15.74616,1.34,369.3506701340268 d,1.2608604453966252e-05,2.439542509632377,0.0002100895744739
11709423,0,False,0.38446929,3.0,34.60252050410082 d,1.950730673033877e-05,1.157890808011882,0.0006069214717942
2576197,0,False,2.217029,3.5,24.38607721544309 d,2.9374733604804647e-05,1.0139309799944811,0.0004575222821621
4851464,0,False,5.54825343,17.8,5.549509901980397 d,0.003210173849659,0.9515301085587644,0.0014456554886814
10341917,0,False,0.9337306,1.54,289.5347069413883 d,0.0004482106801357,2.3074814430056634,0.0013601825065134
9366886,0,False,0.6335112,0.77,9.6999399879976 d,0.0105362029214076,0.7581958089927382,0.003307906900049
4075015,0,False,1.114304,1.28,321.78035607121427 d,1.7575739881777143e-05,1.2517512791855747,0.0005920573475836
6233573,0,False,0.5874671,55.8,356.8195639127826 d,2.892524820778199e-05,2.37686021668629,0.0003719923798109
8937021,0,False,5.663616,3.5,146.26505301060214 d,5.446334965783716e-05,1.1816726774616546,0.0006357572530265
3964562,0,False,3.0124773,21.0,23.667733546709343 d,2.2193017864826707e-06,0.5175446834504892,0.0001232431960571
9110357,0,False,0.8952779,127.0,6.267853570714143 d,1.5371714154745783e-05,0.535284847696099,0.0002344505690305
2445154,0,False,8.41206,1.63,381.7221444288858 d,6.613756237583807e-05,2.520213358420029,0.0006153474935154
11074835,0,False,9.49361,3.02,36.198839767953594 d,2.2803664764415678e-06,0.5163536076944059,0.0001824267606872
9159242,0,False,3.044629,1.11,367.5947189437888 d,8.99290945249313e-06,1.7940000412282218,0.0002400251735182
4285107,0,False,2.2430251,1.47,11.216443288657732 d,9.9738292407275e-06,0.615674623659411,0.000235360135738
9655129,0,False,2.7439952,20.0,2.755951190238048 d,1.2292607441451555,0.4267630707712863,0.0338027232343274
9529744,0,False,2.40456,2.2,9.620124024804962 d,2.673417147315832e-05,0.918733325747416,0.0001894464787953
8607720,0,False,3.9978,3.07,261.8385677135427 d,4.497330800866618e-06,1.2693554864891097,0.0002184319782862
4060815,0,False,4.28553,1.97,371.4258851770354 d,1.6560258733276462e-06,1.3412911996635035,0.0001588049558975
5356593,0,False,45.9778722,35.8,8.742148429685937 d,0.0018298510553636,0.9197252270838474,0.001090519465434
10676923,0,False,1.0310952,2.0,197.9857971594319 d,9.28725842446256e-06,1.0112269532759155,0.0004082224428055
9053112,0,False,1.2748374,4.27,200.38027605521106 d,5.236793256695671e-05,1.8794334524287144,0.0004585758747689
3345675,0,False,120.002521,36.0,387.4688937787558 d,3.0438605372818503e-05,1.127087929415964,0.0007065354507837
4664046,0,False,1.1297578,0.96,11.056811362272455 d,0.0038272040914953,0.7852233865294577,0.0023097468924665
10287248,0,False,4.72225588,19.56,5.948589717943589 d,0.0333689946720222,0.5144300252204389,0.007798179591975
7815931,0,False,1.8685565,1.9,378.60932186437293 d,2.2083932510431217e-05,2.351206591549304,0.000412300141535
8620565,0,False,0.7820455,24.0,28.935587117423488 d,0.0074187169387801,2.4635690888462327,0.0043533120293412
4945877,0,False,1.339665,1.18,14.010002000400082 d,6.608168698404132e-05,1.0011544875566285,0.000241546217268
8256049,0,False,16.371917,20.5,13.850370074014805 d,0.0010952727448067,0.7221113558020045,0.0013191777893208
10485179,0,False,0.4452747,1.11,5.788957791558312 d,5.797511557756323e-06,0.3987478454394779,0.0002854473018706
5649215,0,False,2.4467361,18.0,24.465893178635728 d,8.595125876719413e-05,1.4353106474388595,0.0004821120513507
4761060,0,False,13.379424,3.4,13.45129025805161 d,0.00013059998148,1.3464734986950064,0.0002758028553982
11913013,0,False,3.747802,12.4,41.22724544908982 d,0.0016945103120818,1.167592111865535,0.0040308834237592
5181817,0,False,4.3504333,1.47,397.4458891778356 d,0.0001017855621919,3.0747876614458955,0.0005394200664223
6422367,0,False,4.331346,1.61,8.6623324664933 d,7.594093858677819e-06,0.443020276033792,0.0003674955323541
9850893,0,False,8.48152,1.4,364.96079215843173 d,0.0001659020081417,2.23352881841222,0.0008196560741363
9156585,0,False,22.324224,3.8,18.240248049609924 d,6.631671905605978e-05,0.411239165288346,0.0006702084900861
6531491,0,False,14.324336,3.8,14.329265853170636 d,7.537792636701952e-05,0.566760506039677,0.0005083696199347
12885212,0,False,2.0575069,1.36,95.90118023604721 d,2.4376235129546467e-05,1.0099578531525577,0.000687914360523
10485069,0,False,0.4452773,1.33,263.03580716143233 d,3.895986924735579e-06,0.6323752627850849,0.0004349409091448
5513866,0,False,0.755112,1.4,9.061412282456493 d,7.3270446883005135e-06,0.8053846926923884,0.0002037870568241
3542588,0,False,3.471412,1.1,331.6775355071014 d,6.558231107759415e-06,2.087282595548108,0.0002017024830268
7840044,0,False,13.542027,1.7,352.1104220844169 d,7.770818026147949e-06,2.626385411725315,0.0002740496694079
10686814,0,False,2.618399,0.89,32.92638527705542 d,0.0010852721427246,1.0385532302324143,0.001600089560284
5306720,0,False,27.36431,41.0,82.09301860372075 d,9.753999283560944e-05,2.7727560540745286,0.0006247956784515
9166870,0,False,3.8556,3.0,19.277855571114223 d,0.0001940615511306,1.5201346212751885,0.0007070222122564
6863839,0,False,1.9263586,1.3,7.704540908181637 d,7.979104602212504e-06,0.3617434535295285,0.0002664279706959
11673674,0,False,4.6187664,8.1,50.80516103220644 d,0.0002990859171284,3.847988146673509,0.000638795219
8703884,0,False,14.17098,4.8,14.169633926785359 d,0.0002098434689123,1.7586880402318712,0.0005142984714143
8179973,0,False,2.497052,2.06,309.88777755551115 d,1.754341418021245e-06,1.276412907069429,0.0001490029963691
8180063,0,False,5.79506,4.87,81.13522704540908 d,5.565310370932914e-05,2.7582598363802315,0.000433089062171
10216045,0,False,16.88954693,0.23,21.432886577315465 d,0.0007120805199158,0.6755799383560952,0.0014554638811777
3858824,0,False,25.95365,8.0,12.97239447889578 d,0.0003064990268843,0.8766719196713928,0.0006258980016254
8687088,0,False,0.9050391,0.62,11.216443288657732 d,4.049682902502181e-06,0.5155387413103041,0.0001018793521408
5443775,0,False,3.3076711,1.7,26.461292258451692 d,4.654835952387728e-06,2.092637898073543,0.0001241176540617
8501062,0,False,24.4021,0.62,295.84016803360674 d,1.710588418270549e-05,2.560875097716912,0.0002655116029057
10031707,0,False,8.589686,0.55,276.20544108821764 d,0.006821530650454,2.672106203673698,0.0044382967139728
6185711,0,False,11.702194,2.2,229.19383876775356 d,7.906074038197048e-06,1.7621351300746604,0.0002303141444577
6205468,0,False,3.7228769,5.9,14.887977595519105 d,0.0033842788441499,1.7232778822282917,0.0010383416191191
10275805,0,False,112.6437,3.7,225.28285657131428 d,4.4596201876704296e-05,2.3632995307150653,0.000609411910153
3547091,0,False,3.3055785,22.0,3.234846969393879 d,0.2423960000972302,0.4288420156140473,0.0163227917845103
7380829,0,False,3.174582,1.7,6.347669533906782 d,9.034865942318294e-05,0.6117103700561394,0.0003234074902126
5649325,0,False,195.6115,12.1,195.59131826365274 d,7.621520664249123e-06,2.80086975778097,0.0001862725610694
3130548,0,False,0.8788532,2.0,333.27385477095424 d,8.137701073173209e-05,3.4035901388580494,0.0005587561940945
2697169,0,False,14.71266,1.11,11.775155031006202 d,6.851677787045466e-05,0.3577551578067443,0.0006719884100169
8453211,0,False,5.7767407,33.0,23.109021804360875 d,4.692943724992087e-05,1.4156315409890077,0.0003170257088902
3337432,0,False,2.976023,0.93,295.7603520704141 d,4.431806878585264e-06,1.2022344149313058,0.0002270088428367
5608566,0,False,4.3969343,14.9,24.785157031406282 d,0.0055003177186589,0.9516977741216448,0.002977484772101
7436215,0,False,25.58546721,0.5,346.52330466093224 d,1.6633686346697922e-05,1.4422329831335037,0.0004617885885445
6692833,0,False,10.80491,1.63,43.22264452890578 d,5.356492198366625e-06,0.6558247234692437,0.0002594577152034
6301035,0,False,11.990972,17.0,23.986997399479897 d,5.519950034468409e-05,1.038008353759074,0.0003708545281056
4180401,0,False,15.412528,2.0,19.118223644728946 d,0.0138527746365669,0.979979191643263,0.0050217318187783
3098184,0,False,15.23928,13.2,91.43148629725945 d,0.0002431221695564,3.0655175420916048,0.0007848448817583
6891543,0,False,1.7525598,2.9,8.023804760952192 d,0.006147931640836,0.7277063440658855,0.0024084107480114
8046659,0,False,31.569127,17.1,31.569513902780557 d,2.872801324742536e-05,2.417479422664265,0.0003982072503534
2581191,0,False,1.9904434,1.22,200.0610122024405 d,5.252151488603852e-05,1.6837785504690794,0.0005037583051791
3348082,0,False,3.982164,2.1,23.268653730746152 d,2.1833908301231923e-05,0.6005561130624751,0.0004739502582328
5217891,0,False,161.2287,2.6,161.27045409081816 d,7.932883755705124e-05,1.4397947845667676,0.0006632165006831
8625821,0,False,45.39692,3.0,90.79295859171835 d,3.5558573339830765e-05,2.204074602796434,0.000361536259364
9277210,0,False,4.94440412,0.67,9.939387877575516 d,3.2143238531443195e-06,0.5092174841514774,0.0001266753942594
9301506,0,False,0.3026108,1.22,362.80576115223045 d,6.720884090662535e-05,2.2357543038436503,0.0006198050424799
4847782,0,False,30.95978,5.9,308.85017003400685 d,1.1584156419785278e-05,2.453799322168126,0.0004004078114119
6780158,0,False,2.464183,2.86,14.64852970594119 d,8.740997385980993e-07,0.185348800833799,0.000149004164209
6468337,0,False,0.9598524,0.74,7.385277055411082 d,0.0001483694674813,0.4245091852442868,0.0006103641826814
4144231,0,False,22.913343,36.0,11.455891178235648 d,4.17326897175817e-05,0.6023088303059803,0.000546623870705
3952651,0,False,32.90465,18.4,65.81056211242249 d,1.1801628014845334e-05,0.9950447623403904,0.0004082961848718
2306756,0,False,386.60243,62.0,370.7873574714943 d,1.0896434302240249e-06,1.5590363849405169,0.000107908482878
6185496,0,False,0.474627,1.24,307.41348269653935 d,0.000172576406803,2.476576369378135,0.0008902762953322
6525249,0,False,1.7103257,1.8,266.7871574314863 d,6.852163236363122e-05,1.2960272844239902,0.0007475466086831
11909839,0,False,10.4059559,12.1,167.5759151830366 d,4.624733894562012e-05,1.1966346725456152,0.0006497571606743
9048161,0,False,8.6678241,18.1,52.00240048009602 d,4.637951961645713e-06,1.952200434784588,0.0001529808416882
9030447,0,False,0.5666931,1.44,8.183436687337469 d,0.000389557817974,0.7435814745808083,0.0005934554507665
5717567,0,False,1.2876248,0.93,184.0978195639128 d,1.4956585338394268e-06,1.935251488274522,9.02777603795148e-05
10616415,0,False,1.1206414,30.0,13.45129025805161 d,7.13312030117469e-06,0.3093478182450631,0.0002764261213356
10661771,0,False,1.2313643,4.9,24.625525105021005 d,9.316445524549511e-05,1.3485363605996907,0.0004945047299138
6462874,0,False,22.342931,3.08,246.91298259651933 d,0.0015163510405543,3.637828906270312,0.0021408567222792
7369865,0,False,42.26276,12.2,42.26485297059412 d,2.5609735928876458e-05,1.689965021937064,0.0002711096141688
2309585,0,False,1.8385144,20.0,1.7981596319263853 d,0.0016340587293058,0.4447237396585935,0.001051151481685
6032981,0,False,3.32303,18.5,363.4442888577716 d,4.4660246781805646e-05,1.930799408159795,0.0005728975566375
6752502,0,False,4.305218,6.36,34.44288857771554 d,0.0017306370312378,3.183692089153889,0.0017307506763768
5478055,0,False,15.852281,3.5,288.57691538307665 d,0.0001717614896067,2.7925259298913034,0.0007075210187995
8227661,0,False,0.9268482,0.57,376.9331866373275 d,4.4469784884046913e-05,1.4557056408749274,0.0007531094330415
9025922,0,False,11.320258,18.9,33.963992798559715 d,0.0002308203136543,1.9163095285553329,0.0007755560840492
7257363,0,False,5.233516,1.47,371.5855171034207 d,2.786545473242576e-05,1.9878077964146723,0.000653757532211
3851130,0,False,2.6979068,1.4,10.178835767153432 d,0.0100596565373368,0.5627115680029402,0.0044567021570771
6862328,0,False,119.02088,6.9,329.44268853770757 d,5.729048223493317e-05,2.1569943429295315,0.000573028996793
7975727,0,False,22.41833,10.8,89.67553510702142 d,1.4174331673399418e-05,1.9413801309073848,0.0002503600846482
8258171,0,False,23.627228,3.5,8.6623324664933 d,7.002885419259589e-06,0.5588973263039004,0.0001111853834775
3836453,0,False,1.540391,1.48,17.202640528105622 d,0.0011745456212411,0.6479316556599696,0.0016879127845298
4079535,0,False,17.727244,15.1,106.35707141428287 d,4.8843209239541424e-05,1.8451227271970536,0.0005524944356974
3230753,0,False,17.73347,1.17,283.0696139227846 d,2.1335586838159435e-05,1.6228856432928247,0.000372122941273
12459725,0,False,14.17987,2.1,354.50490098019606 d,1.8445139045835037e-05,1.6264575183432828,0.0006817931174662
2437505,0,False,21.476429,8.51,10.737547509501901 d,0.042698101891304,0.3907671019235098,0.0300577151165103
9728465,0,False,7.353871,1.67,247.7111422284457 d,9.435723326659037e-06,2.140201536348881,0.0002050382504923
5648449,0,False,4.3488698,0.62,254.89457891578317 d,0.0148712451263035,2.0586160215084157,0.006909627708508
11044770,0,False,15.608584,5.3,8.981596319263854 d,3.8400174299571885e-05,0.6744764840753256,0.0002429583148618
5108214,0,False,2.119128,1.35,263.8339667933587 d,1.264499408488409e-06,1.49730188037406,9.57662291985594e-05
7051984,0,False,0.3390709,1.43,355.14342868573715 d,9.661895985273568e-05,2.449510530220393,0.0005792035958623
4077901,0,False,12.10932,0.93,18.160432086417284 d,1.7618243059072826e-06,0.4055115684677042,0.0001388788202608
3446451,0,False,0.64234826,2.7,359.45349069813966 d,2.297228502361525e-06,1.6718198001033588,0.0001295133668606
5695904,0,False,0.42385469,0.88,268.2238447689538 d,5.488169117664824e-05,1.6557802807885318,0.0005824853820747
8129042,0,False,54.3297,2.7,239.96899379875978 d,3.812912457222903e-05,1.6469402161655942,0.0004860624813485
8509361,0,False,6.099,2.9,153.4484896979396 d,1.3706718142969415e-05,1.6801406502778562,0.0002765248968422
11495766,0,False,4.175069,0.53,241.40568113622726 d,3.3159647234686063e-06,1.7635619951489307,0.0001675029350679
5475641,0,False,1.0698442,1.8,9.460492098419685 d,0.1290892911334654,0.841940833491746,0.0103423677147832
3557493,0,False,0.3937265,27.9,381.7221444288858 d,0.0001129184490973,2.664216417361507,0.0006647551364676
10934313,0,False,1.926891,1.36,240.6873374674935 d,1.56788639491248e-05,1.4235546385932576,0.0003973608856723
5302643,0,False,69.20094,35.0,34.60252050410082 d,8.421154414336064e-05,0.9059563209505954,0.0007272398875813
10480921,0,False,2.0374475,1.19,2.037607521504301 d,1.5241397835173711e-05,0.3244935060305529,0.0002761220500168
6470917,0,False,1.5060072,1.28,378.92858571714345 d,1.7287769752705796e-05,1.5570778023530338,0.0004389937218953
3327993,0,False,2.115547,1.65,10.577915583116624 d,8.124730795341017e-05,0.4680545498353322,0.0007839157344328
7336093,0,False,4.4040248,0.45,380.2056411282257 d,8.440169820821736e-06,1.0414494950966524,0.0003964923197586
5015913,0,False,1.17996964,23.3,18.878775755151032 d,2.043266583680888e-05,1.9478504644209769,0.0001997284900481
8892721,0,False,61.49075,5.6,61.500500100020005 d,0.0007839202429783,2.115038270400212,0.0011208064091814
4858610,0,False,2.722851,1.05,343.09121824364877 d,2.4376867731425693e-05,1.7602059525553426,0.0004707727198454
10259031,0,False,7.0611441,10.8,98.85437087417485 d,4.089639956197696e-05,2.0760004790351707,0.0005532663300829
7593110,0,False,3.54938827,33.0,8.183436687337469 d,0.1927437598476293,0.5865452506940507,0.0183352139334624
12062667,0,False,2.929296,2.9,320.8225645129026 d,5.166169903388674e-05,2.493866016872139,0.0003817453866877
7461307,0,False,0.7735942,0.77,380.36527305461095 d,5.897050498863283e-06,1.5089156114681463,0.0002720310321917
5302006,0,False,6.146317,3.6,308.77035407081416 d,9.46640122702368e-05,1.3889631194194574,0.0014152028596775
8847111,0,False,0.57588448,2.12,27.419083816763354 d,0.0001123330619153,0.6616136146852146,0.0006483455445678
8323753,0,False,6.714263,2.6,26.860372074414887 d,5.214789315022552e-06,0.6705778960804342,0.0001924850396355
5288570,0,False,1.728532,1.35,371.1066213242649 d,2.646534414936567e-05,1.5809016871140793,0.000474662564189
2014991,0,False,6.496807,2.5,3.9531906381276256 d,0.0001254840137932,0.5236706779263626,0.0003363177904882
9777251,0,False,1.332557,1.3,7.943988797759553 d,0.0012195228865295,0.5626980877041099,0.0014656470341275
8197560,0,False,1.0242555,3.7,9.22104420884177 d,0.0001110112516836,0.229296550557137,0.0018191798583913
4913000,0,False,4.4425176,4.9,363.2846569313863 d,4.411495977873084e-06,2.6340206255157983,0.0001319858398379
4951249,0,False,4.523439,1.7,357.5379075815163 d,1.2359509874119518e-05,1.052892014789417,0.0004794528705227
12366681,0,False,13.33387,0.47,133.25505101020204 d,1.5076024531024576e-06,1.2435119202352822,9.013694654669532e-05
11955499,0,False,9.041798,2.2,18.080616123224647 d,1.6662393023319484e-05,0.5414974771638402,0.0004115532041456
3858949,0,False,25.95241,3.1,77.86277255451091 d,8.433588034222888e-05,1.973530974037512,0.0004104976550632
10341913,0,False,0.9337554,1.7,26.14202840568114 d,4.826827915550898e-06,0.894587032313885,0.0001565816105843
7377033,0,False,1.9568102,18.0,11.775155031006202 d,0.2904588275884837,1.088501253157512,0.0132398212358808
9150827,0,False,82.3721,0.76,12.732946589317864 d,0.0007009460846165,0.6064401307681143,0.0012150418962404
7107561,0,False,0.8125887,1.01,302.14562912582517 d,1.2559224831264191e-05,1.8640958838009207,0.0002414445047406
5816811,0,False,2.2277177,9.2,35.64012802560512 d,8.057129974405049e-05,1.7822622646521156,0.0004400306469273
9959589,0,False,1.332567,1.32,23.986997399479897 d,9.876621772003626e-06,0.4069369650119313,0.000550229608416
6364276,0,False,5.243903,0.67,26.221844368873775 d,2.54222339125644e-05,0.4916870492645149,0.0004034612472974
2166206,0,False,8.096956,8.4,372.4634926985397 d,2.3850131690943547e-06,2.882990868839899,0.0001693955993564
3228959,0,False,0.7309,124.0,11.695339067813563 d,1.4091385547404796e-05,0.4080839621219958,0.0005517024641122
8127607,0,False,16.609626,2.1,16.883376675335068 d,0.0059966011820259,0.7401945662972425,0.0033738987555326
5024450,0,False,1.5259252,55.0,2.9953990798159635 d,0.0038638070699227,0.4079647045654003,0.0026356145856452
10383687,0,False,8.487855,1.6,327.36747349469897 d,1.605603249902995e-06,1.2074080434790264,0.00017137577063
3438975,0,False,2.9760145,1.57,26.780556111222246 d,1.5710901507163592e-06,0.6123888483641671,0.000105625385928
5709889,0,False,0.5268877,0.66,13.45129025805161 d,7.876693298810492e-05,0.4571981208400822,0.0005615437246802
9366989,0,False,1.21903358,13.3,10.81736347269454 d,0.0010755402860165,0.4256944978512165,0.0020397616215014
8582291,0,False,2.468158,1.2,292.8071614322865 d,2.4808471029956725e-05,1.8142372217154892,0.0004483222495856
5270698,0,False,3.96433383,15.8,17.84116823364673 d,0.0115411949453727,1.265382115165591,0.00477218025375
3248033,0,False,1.3341094,2.98,265.03120624124824 d,8.044868256036083e-06,2.005406555864192,0.0001818357828021
3544689,0,False,1.9228609,8.1,11.136627325465094 d,0.0326828360232522,0.68784889619071,0.0069465816797705
8243283,0,False,1.759262,1.41,382.2808561712343 d,5.947649386125446e-05,2.438338190365164,0.000554800773832
5866099,0,False,36.977224,17.3,296.87777555511104 d,6.68530129090492e-05,2.967644906079539,0.0004499175398829
11913012,0,False,3.7478426,2.0,37.47589517903581 d,1.6575260176562044e-05,1.0624902151209594,0.0003261862836365
3336283,0,False,0.5764377,0.91,21.512702540508105 d,0.0005910677659619,1.433788782658217,0.0006044301134688
6364162,0,False,5.243629,1.19,26.221844368873775 d,2.3190312055724207e-05,0.4996572512312426,0.0003900661535368
10275766,0,False,354.963,2.4,363.92318463692743 d,5.4333210420639615e-05,1.9069105825967048,0.0005522100605812
5513893,0,False,0.7551023,0.65,387.0698139627926 d,9.024043728291843e-06,2.835433845583548,0.0002209109068596
10464078,0,False,19.403919,9.0,9.6999399879976 d,0.0112027318760484,0.5903751446695793,0.0052234959300593
11913073,0,False,3.7478395,2.11,37.47589517903581 d,2.2700920452778324e-05,1.827524404929492,0.0002256409478005
3235672,0,False,6.72108,0.9,208.9205841168234 d,1.0217266393835865e-05,0.8402451997427842,0.0004546867497073
11100670,0,False,20.23381,1.39,204.29125825165033 d,5.542984274082425e-06,2.2242054095856414,0.0002207155912146
11456382,0,False,0.81428192,1.68,2.6761352270454095 d,0.0004072914700917,0.3037555948178979,0.0008554560558753
10611420,0,False,11.505399,1.9,285.1448289657932 d,6.951243016291341e-06,0.9845068636312244,0.0003885667928979
4677282,0,False,1.5721774,2.1,7.54490898179636 d,1.3312991756635063e-05,0.2707692624796886,0.0002924579775911
6209798,0,False,1.2054161,2.16,11.136627325465094 d,0.0008429679666573,0.4982223814806098,0.0015137640971496
8127586,0,False,16.60951,2.0,13.45129025805161 d,7.585625236216884e-05,0.4212329933267488,0.0005953874242835
2860114,0,False,0.9416034,2.6,8.502700540108023 d,3.248003124035832e-05,0.3398908512568086,0.0004630038440423
5652237,0,False,4.4645483,3.2,35.71994398879776 d,3.658214526053944e-06,0.8185335685111805,0.000189218313953
5565497,0,False,1.41252409,6.9,8.343068613722746 d,0.0001895025377519,0.5160241785428314,0.0006088171105722
10614012,0,False,132.1405,70.4,132.1376275255051 d,0.0001253894080744,2.6797640415953983,0.0004231862643054
8176650,0,False,15.8011078,15.1,346.60312062412487 d,0.0001945361646212,1.8664915971807283,0.0009567736762245
8378634,0,False,3.6294411,4.0,18.639327865573115 d,4.690053422031712e-05,0.5552342732758089,0.0004220692311272
4275739,0,False,2.17182783,48.0,4.352270454090819 d,0.0054754481887107,0.3557881989152687,0.0043123444478887
3233043,0,False,7.76967,3.16,31.250250050010003 d,0.0172389171628262,1.140033043170292,0.0048777003421904
5894073,0,False,10.585338,1.9,8.263252650530106 d,0.0042016592180843,0.5138280391286345,0.002845845611533
4275117,0,False,1.0065197,1.18,342.61232246449293 d,4.359273547764765e-06,1.783649019471532,0.000331087401366
3861611,0,False,3.849332,1.75,389.06521304260855 d,0.0001797026190594,2.3566894883613974,0.0011264314006032
7385509,0,False,1.6554664,2.76,34.7621524304861 d,0.0001118196793302,1.3626050092972732,0.0006691569575373
9635510,0,False,2.351943,1.49,214.42788557711543 d,1.017941065409789e-05,1.218024153920667,0.000427749768282
6066416,0,False,1.30386393,2.5,379.1680336067214 d,9.14180049426466e-07,1.6847953874310069,8.277892378530514e-05
8652999,0,False,15.160311,2.0,11.136627325465094 d,0.002535912480731,0.6430000132252564,0.0020451026668477
6373680,0,False,2.8706539,2.3,6.587117423484697 d,0.0089016988440396,0.6016461514779269,0.0031698152865286
10549562,0,False,9.089381,3.7,36.35847169433887 d,3.907985178981554e-05,2.2226497065078314,0.000285574591573
11551715,0,False,225.568,2.1,349.63612722544514 d,5.006087480508637e-06,0.6259412755073088,0.0004614663114059
3858804,0,False,25.95068,5.85,12.97239447889578 d,2.906760730382783e-05,0.6937621615672911,0.0002469883310631
8262210,0,False,1.6130154,0.99,4.033006601320264 d,2.9990587113530358e-06,0.148253892040924,0.0002957495423271
3644653,0,False,119.6817,22.0,119.6863372674535 d,0.0002220340794982,1.7069821495389177,0.0007700683529254
9532424,0,False,4.309101,1.44,396.6477295459092 d,4.314021731490478e-06,1.4447425108945784,0.0002521790659849
10554967,0,False,0.5363397,1.7,317.55011002200445 d,1.1528978052685204e-05,1.6715595213676528,0.0006590399746189
6891637,0,False,1.7525397,1.74,13.610922184436888 d,0.0006370041363738,0.4958968016026849,0.001493058261675
4743513,0,False,2.08607713,10.7,4.192638527705541 d,0.0002772761150778,0.3028499810546651,0.0008886744925291
2441151,0,False,2.1920104,3.0,26.301660332066415 d,0.0001133808902154,1.244499138709189,0.0005471871615834
5618071,0,False,88.7936,19.4,241.80476095219046 d,1.10085261019172e-05,1.9152149659980489,0.0003736180345974
3246984,0,False,1.6266374,6.4,6.507301460292059 d,0.0001347594229893,0.6448345857692777,0.0006390837619363
3838486,0,False,2.99026,1.75,41.86577315463093 d,9.381573756814256e-05,1.017545319139131,0.0007682983454548
6032517,0,False,1.7914047,1.7,14.329265853170636 d,5.806230389683365e-06,0.4053818844829626,0.0002498472533273
3340312,0,False,30.55296,3.1,61.101420284056815 d,2.129035713263221e-05,1.6018911726178855,0.0002970944496158
10599397,0,False,0.937444,7.0,17.761352270454093 d,0.0009526518600273,0.5846439276179187,0.0019674758868333
8264070,0,False,2.8974251,17.0,14.488897779555913 d,6.96362392720462e-05,1.0423288561440156,0.00052904809168
4150624,0,False,8.65312,1.8,94.2250450090018 d,4.5777913483155e-05,1.1463031229202214,0.0004533604911934
12643589,0,False,44.146094,20.0,2.1174234846969395 d,5.5331335019213085e-05,0.6818486176399411,0.0003954624764845
10357040,0,False,46.8823,1.63,335.66833366673336 d,1.9682476341608785e-05,1.4302821059240702,0.0005099379124493
9763754,0,False,17.477,0.7,390.74134826965394 d,1.9064337755399887e-05,2.1614474633047576,0.0003343641798513
6312314,0,False,1.221198,1.17,350.75355071014206 d,4.304609389741267e-06,1.2656902738145412,0.0002341754651453
7770450,0,False,1.1578068,2.7,5.788957791558312 d,0.0001833788357515,0.8699254442244174,0.0007043042157232
10158990,0,False,1.0965841,1.4,10.338467693538709 d,1.307575828230735e-05,0.2557665366530862,0.000399964631595
7906739,0,False,7.014751,1.02,262.95599119823964 d,7.912006868820318e-06,1.63741972945156,0.0002024496641536
10191070,0,False,1.2137451,3.1,20.63472694538908 d,0.0004660417147599,1.6265388941528214,0.0008713727024423
9692557,0,False,0.5719394,1.11,292.4878975795159 d,2.260103009381873e-05,1.9554730959960696,0.0003100092937545
6233890,0,False,2.9954151,160.0,2.9953990798159635 d,5.9073308023694965e-05,0.4548419362925242,0.0004181595826745
10555375,0,False,5.8018305,6.8,7.305461092218444 d,6.943270131161806e-06,0.2591295246971641,0.0002414624128979
7967861,0,False,215.145,1.49,371.3460692138428 d,1.1009846066455154e-05,1.2496705873654363,0.0003852549880487
4952341,0,False,1.7968184,3.5,5.38987797559512 d,3.549422211923771e-05,0.2195670158029958,0.0006381349321686
10092312,0,False,4.4684566,5.2,10.338467693538709 d,0.0052857277321034,0.8989970920804558,0.0022915125575757
8460600,0,False,6.35208972,21.3,8.58251650330066 d,0.0995657590121578,0.9481431121805708,0.0077944912819995
9592579,0,False,2.6375741,44.0,1.319263852770554 d,0.0035739746395203,0.2260202317867754,0.0023970937235344
7428316,0,False,7.126783,1.2,4.751350270054012 d,5.926567199477289e-06,0.3082315688477638,0.0003025461004836
8560285,0,False,85.34088,22.3,170.6887377475495 d,0.0001287430440357,3.5405316480714024,0.0004945028065061
3747262,0,False,1.3124652,0.96,178.59051810362072 d,2.4131773741784808e-06,1.091137032057418,0.0001449277901532
3336765,0,False,1.844866,1.09,340.7765553110622 d,3.750129000462928e-06,1.3597603948393364,0.0001870022014985
4848424,0,False,1.501769,0.69,12.014602920584117 d,3.920693973244372e-06,0.3408254187170013,0.0003130075999352
9520443,0,False,0.49507227,1.46,345.4856971394279 d,1.6454880606792898e-05,1.0322826815755202,0.0005958049375124
5308387,0,False,0.6207406,1.7,303.90158031606325 d,9.96737141019034e-06,2.373353540331414,0.0002491755664321
8330548,0,False,1.9141577,13.4,50.725345069013805 d,0.0037433586297438,2.3360065893505424,0.0031997736180418
7918172,0,False,63.93401,9.0,319.62532506501304 d,2.6267534120869804e-05,3.0647351632141624,0.0003248581481732
5894073,1,True,113.2319761746576,1.743235295144145,8.263252650530106 d,0.0041896655837696,0.5129445986811526,0.0028466753533596
10464078,1,True,96.3452264784954,1.8956220080270023,9.6999399879976 d,0.0112290300714251,0.5912122101180524,0.0052222190223824
11125936,0,False,1.33610946,7.2,28.057611522304462 d,9.748096292080017e-05,2.4401778043535978,0.0006099750826136
9468717,0,False,7.373379,7.0,29.494298859771956 d,8.813804070021668e-07,1.086599151462144,8.182290619111136e-05
6387969,1,True,201.36920955630728,1.0838708349680828,13.052210442088418 d,2.2560739688304115e-05,0.486803818635778,0.0002720835006768
8823426,1,True,190.1910495213472,2.5569166770998546,190.48309661932387 d,0.0005222939737065,2.4927519680092214,0.0009261160308765
10544677,1,True,140.61984792227997,3.1779525841472465,140.8375675135027 d,6.612452719138472e-05,2.557573877626369,0.0003219962356217
3848972,1,True,262.5289254152466,3.132908991082311,262.71654330866176 d,0.0002767805993998,2.372284846382578,0.0008152393390324
9150827,1,True,266.14972025433167,2.7702265349491224,12.732946589317864 d,0.0007214474354463,0.5932197028704277,0.0012608868247622
9595686,1,True,180.72304375987136,3.933161543364097,180.74554910982198 d,0.0004127982731266,3.5134830378527013,0.0005856373500692
10481045,1,True,108.66502701116583,1.797009960955101,108.67173434686939 d,1.924466707733682e-05,1.142253939712789,0.0003661813268445
4861527,1,True,50.6383953187373,2.7348828627318653,50.64552910582117 d,0.0001040663261535,2.395562019369762,0.000239934343289
5876368,1,True,166.65298646125717,3.676475974343609,166.53830766153231 d,0.0002515468843539,4.056586113713746,0.000394944194028
12470954,1,True,252.4924774222085,2.5363468902221764,17.122824564912985 d,0.0001464656286164,0.9837838258810714,0.0005665357669233
7613246,1,True,131.91429604509088,2.9266377846701634,131.81836367273456 d,0.0001141729760269,2.509673062051861,0.0003664355727378
6956233,1,True,207.0757482765712,2.5801539461442933,19.277855571114223 d,0.0002346438673222,1.2458696638865736,0.0006677780562836
10880007,1,True,256.7357549423557,1.769601904679655,301.1878375675135 d,0.0004616421414504,3.585191635719551,0.0011985891571456
6115516,1,True,237.10234204667617,1.6516072137657325,374.9377875575115 d,1.1101259058452849e-05,1.2964874247868432,0.0004224905000064
5608566,1,True,288.8724544959558,1.568476764994052,24.785157031406282 d,0.005508840471138,0.9522844211777204,0.0029779550125057
4078157,1,True,93.90572124132912,2.645217792643608,93.90578115623126 d,0.0001520024082973,1.3875354681381382,0.0008975695344792
11074835,1,True,164.0091864646347,1.3111684880844732,36.198839767953594 d,2.291207712874782e-06,0.5175444963289414,0.000182439122653
10485179,1,True,102.1021803264538,2.15440284214655,102.04700940188039 d,6.302411990977269e-05,2.511589780747496,0.0003000151583802
6681233,1,True,61.213034195757146,2.318736097167198,61.18123624724945 d,0.000159949069627,2.0842497481572164,0.0003662435011578
3337432,1,True,158.71697622980588,1.336500250699071,295.7603520704141 d,5.41851100735443e-06,1.317635668878905,0.0002280704460572
5308387,1,True,124.76185554890895,3.417150337011887,124.71474294858973 d,2.970448885805506e-05,1.9392241930660867,0.0002549734041261
11673674,1,True,138.74067689122117,1.1484212032303505,50.80516103220644 d,0.0002993445797214,3.8480663284845735,0.0006390584042149
3657176,1,True,90.5076246164407,2.9049810195595285,90.4736947389478 d,0.0001103014083259,1.889522094998722,0.0004443051867446
3336765,1,True,113.90325726044298,1.683106113642752,113.93958791758352 d,6.486725659822362e-06,1.1216456529734335,0.0001892238357741
10363281,1,True,248.75405503053423,2.9511270683256954,177.23364672934588 d,2.519113443859168e-05,1.624979417079994,0.0003136101652823
9084778,1,True,266.1713424997096,3.62756790346818,266.46789357871575 d,0.0004280977153139,2.142330523752788,0.0011303776171051
3247396,1,True,189.59949838101863,3.540062378743913,35.24104820964193 d,7.761370959278602e-06,1.6172829163115596,0.0001392635642766
11761199,1,True,102.68349248034744,2.971199041472458,102.6855371074215 d,0.0001550037648417,1.744831500971498,0.0006187166589402
7051984,1,True,134.57483839183254,2.566743770446042,355.14342868573715 d,9.623482080194414e-05,2.439387182228069,0.0005804499322016
11709423,1,True,239.00581738894584,2.318819477640197,239.09101820364074 d,4.163159021748042e-05,1.2305010346277228,0.0006137169058275
10031656,1,True,61.631379415420334,3.0161282877484314,61.660132026405286 d,0.0002547598642998,1.855549951105536,0.0006029907467442
3098184,1,True,232.89467821561843,1.6043864972742206,91.43148629725945 d,0.0002413156992731,3.037705216012472,0.0007890826896799
12644769,1,True,91.92594900451604,1.7047899547190588,17.202640528105622 d,0.00077312969636,0.5118171425379837,0.0017814345683077
9641018,1,True,202.7725229474324,2.355610837998205,203.3334666933387 d,3.076799570371273e-05,2.596877729100626,0.0002296624785712
10601465,1,True,250.43518920930492,1.2532449127730174,207.08481696339268 d,1.5052641458834606e-05,1.2257608906302089,0.0003866902275561
10747445,1,True,282.79922366457043,3.768472178328204,10.418283656731347 d,0.3830475401067861,1.146965684443971,0.0210680332221478
7369865,1,True,51.71228519998076,1.371840024934499,42.26485297059412 d,2.563064091403977e-05,1.690396972433911,0.0002711509382558
5270698,1,True,128.91646946885845,2.7639898480330194,17.84116823364673 d,0.0115384191079586,1.2641946301605596,0.0047760883990334
5356593,1,True,261.5149977038568,2.0536577712031905,8.742148429685937 d,0.0018296683003316,0.9200806315298254,0.0010900437869323
10674871,1,True,156.47136965531206,1.847119412793968,8.821964392878577 d,0.0023158632858663,0.6506221264781377,0.001953569118667
8703884,1,True,204.84294868598175,1.800110816093349,14.169633926785359 d,0.0002094633420997,1.7457254877834236,0.0005176478051187
11237332,1,True,275.681587506887,2.886597554396915,275.4870974194839 d,4.046117133784715e-05,4.997940432033013,0.0001609860117304
3858804,1,True,88.96909127464733,3.014123068281439,12.97239447889578 d,2.854752553256008e-05,0.6855182201682208,0.0002477123363521
6864893,1,True,182.85433443633008,2.1288625130161463,182.9005801160232 d,8.983291179919278e-05,2.0570628990308486,0.0004630763161977
8111919,1,True,185.5986432532137,2.6688336112908777,185.93358671734347 d,9.829060937815698e-06,1.6750258966967078,0.0001890694888682
9025922,1,True,129.1990556764426,1.0655734782127042,33.963992798559715 d,0.0002332103021692,1.925582459457652,0.0007758068312661
7107561,1,True,213.66408274303987,1.2846363036478898,302.14562912582517 d,1.4203166908647705e-05,1.9718191557720064,0.0002427334726981
8223328,1,True,276.659516083782,1.7827984732601565,7.305461092218444 d,0.0116157927751627,0.4965837728265214,0.0045443237219067
6364162,1,True,267.0003792041146,1.8261225688164815,26.221844368873775 d,2.3843905736623582e-05,0.5148948524860374,0.0003917611266641
8176650,1,True,79.24689670581945,3.478911855867895,79.21964392878576 d,0.0008115538852342,1.9840285267095945,0.0009967855139641
10748393,1,True,266.8459203380932,2.987506258455813,263.4348869773955 d,0.0021039676703431,3.066390777825132,0.0024427352361828
3964562,1,True,62.03890725146336,3.948533464911316,62.05921184236848 d,3.6658669330810754e-05,2.898879947457529,0.0001359571702063
5271608,1,True,277.0125786218928,3.518067905503703,276.76415283056616 d,6.005198708229761e-05,2.561784576737585,0.0004366168237075
5021176,1,True,292.3591953189077,2.0955704679194564,56.63172634526906 d,1.7108603415739555e-05,1.7787000395106465,0.0003410186167707
8672910,1,True,132.10326939622524,1.2289612600875293,17.44208841768354 d,0.005575792931819,0.7770866653704819,0.0031291617686512
9692557,1,True,110.30281733312194,1.3165345189090352,292.4878975795159 d,2.233642537204313e-05,1.937414318100965,0.000311061866031
8495415,1,True,108.5778755838112,3.679298379875679,108.51210242048411 d,0.0003712801371984,2.231603869064804,0.0007445135565879
3747262,1,True,270.9060343941207,3.773685490136016,271.0972194438888 d,3.84885111083564e-05,5.107497380133927,0.0001726453173792
7436215,1,True,105.1724799012842,1.498529982661888,105.08001600320065 d,5.379894790104734e-05,1.2493421629348036,0.0004670645986386
10485069,1,True,278.9732248856669,2.4861265067789704,278.83936787357476 d,2.1449937713383637e-05,1.504027803362551,0.0004421669559534
8180020,1,True,207.98547887759796,2.9106272818055032,29.015403080616124 d,0.059236112876008,4.050795059207786,0.0090578821560274
11913012,1,True,206.5067450958292,3.489148765157942,206.12702540508104 d,0.0001358863351395,3.4304026780694348,0.0003675020219327
9640985,1,True,59.41075829173063,1.9171948403494932,59.42528505701141 d,1.250781718869652e-05,1.0965962802411635,0.0001973732823075
5443775,1,True,68.67225196566174,2.07566072362355,68.68393678735748 d,3.309748776205715e-05,2.689983280054018,0.0001339299924383
9635510,1,True,272.15855389431545,3.141364481305643,272.21464292858576 d,5.454202594339216e-05,2.347043021958324,0.0004449995586281
9162741,1,True,107.10452728355092,1.5476909458535415,107.07541508301661 d,1.046792038576369e-05,1.407775794257505,0.0001822628469884
9842906,1,True,240.69067648654567,3.540126941324302,241.32586517303463 d,0.0001271677837536,2.419904167403439,0.0005966579976497
3952651,1,True,266.609424981022,3.3455026510445647,267.1064212842569 d,0.0001583612226521,3.505735192341592,0.0004577282920353
8892721,1,True,79.23432839517817,2.254048049181721,61.500500100020005 d,0.0007731801564487,2.086289097086616,0.0011284407409944
3233043,1,True,239.8563855955232,3.6010888161197085,31.250250050010003 d,0.01727751070162,1.1411906597116808,0.0048782038096158
6862328,1,True,211.9996624296035,1.6326602265856538,329.44268853770757 d,5.6669121943390575e-05,2.14560789619028,0.0005729375005634
8560285,1,True,72.61389946495774,3.932421332111494,72.6747349469894 d,0.0007468438286881,3.6414475993944726,0.0005617223748681
4847782,1,True,106.45440534991714,1.030409943043995,106.51670334066814 d,1.1563457186225104e-05,0.7647386786072444,0.0004017563481098
5475641,1,True,200.7518432375121,2.564002429059803,9.460492098419685 d,0.1291644560313252,0.8419183820594123,0.0103456541850239
3230753,1,True,241.64975331183524,1.2913683472615451,283.0696139227846 d,2.10262973136623e-05,1.607688324985619,0.0003729079220179
8179325,1,True,120.17697075516855,3.7082689540510474,120.24504900980197 d,0.0006664691991008,3.551102382851942,0.00066364560843
7336093,1,True,170.4038694902955,2.033718380969441,170.13002600520105 d,0.0001249270656304,2.4821208814312445,0.000424550229644
7379385,1,True,51.43732378550221,1.344755745745721,67.24724944988998 d,2.2994986159361613e-05,1.1482129459446837,0.000260511905437
6863839,1,True,253.75262790660963,2.779569654892999,254.3358671734347 d,3.86860431083128e-05,2.7799850077372605,0.0002830053810347
10934313,1,True,182.9035742936616,2.8586904367431387,182.98039607921586 d,4.527512061036256e-05,1.6654705226336843,0.0004091575313666
5529738,1,True,195.92376050110784,2.159688059656925,195.9105821164233 d,2.2967418362293128e-05,1.6666339667835843,0.0003309347600969
7025526,1,True,130.68453669432182,2.5427533732537326,130.7009401880376 d,0.0002374242970115,6.085134761887795,0.0002084953481472
10879656,1,True,103.20800761366444,1.898100660081742,103.24424884976996 d,2.9685057422935315e-05,1.183010528552208,0.0004008605991886
9159275,1,True,212.87902911064705,2.876349097300402,12.174234846969394 d,0.0004291808220171,0.8735665711334353,0.0006497885206682
9692128,1,True,283.0893627688721,3.6718484360968286,283.1494298859772 d,5.69292054524116e-05,4.149546822474543,0.000229999495371
7708215,1,True,195.40638252752535,1.6061439516997875,9.77975595119024 d,0.0198981129569692,0.6940134425291061,0.0049625717510973
9007866,1,True,230.210750447205,2.5433525417782827,230.31126225245052 d,7.151127705111583e-05,1.6333160221569143,0.0006059762657201
6307063,1,True,126.98291463617618,1.4806690400492066,126.9495899179836 d,2.2795228823918463e-05,1.812034945649173,0.0002184358477693
4077901,1,True,84.20731802278834,3.72041463751312,84.24804960992199 d,0.0005289791195342,6.251885843582179,0.0002894822649565
6960445,1,True,87.68309379577678,1.8938770825314972,87.68013602720545 d,3.462069472625551e-05,1.8601311674664796,0.0002401455702738
9899505,1,True,61.54590281365781,2.098272131023006,23.986997399479897 d,0.0001290931581584,1.256477653384836,0.0006693687134176
11456382,1,True,262.6025530577789,1.2455231225577243,2.6761352270454095 d,0.0004069658719821,0.3036590524786922,0.0008553859184065
3228824,1,True,275.35491425293344,3.208438899045797,275.16783356671334 d,0.0001930698695181,2.629363770540412,0.0007549332208674
3241557,1,True,140.92677620688147,2.955763157345041,140.997199439888 d,0.0001007725968642,3.636900365077854,0.0002393392915527
10876237,1,True,283.994573650863,3.5386644828635423,283.38887777555516 d,4.97918050280258e-05,5.391031292281816,0.0002137427775293
9119568,1,True,170.92343316955169,3.2480255679451027,18.798959791958392 d,0.0008799746221032,0.6427779171089827,0.0015834065392716
5306720,1,True,159.71790382874042,1.3321935625563053,82.09301860372075 d,9.722217687044206e-05,2.763151339862539,0.0006259452063013
2697169,1,True,199.50454319163512,3.913664111755625,199.58211642328467 d,0.0002268436845058,2.474155585626174,0.0007100561124086
3446451,1,True,248.8011057070758,2.3101258796009265,248.66893378675738 d,3.079169394754879e-06,1.71127570210678,0.0001312900728322
5015913,1,True,54.70351193681873,1.0147876883075644,18.878775755151032 d,2.043015111146277e-05,1.9475253898293727,0.0001997495349773
10275766,1,True,114.24150935407586,1.3057544185612542,363.92318463692743 d,5.402459511841003e-05,1.9021162233993696,0.0005520274458566
1725415,1,True,52.93075059953474,2.622342719881184,52.96019203840768 d,0.0001428701041342,1.6798046523147314,0.0004094571219057
5513866,1,True,82.55605738374632,2.165627253276734,82.57191438287659 d,2.480109526566054e-05,1.9477317175419409,0.0002108859402802
7124026,1,True,206.9101891833596,3.2482404188190763,207.24444888977797 d,9.128078235545931e-05,4.101067834906463,0.0002526872104776
11188249,1,True,212.4612066501648,3.933053576993817,212.51230246049212 d,0.000143725107201,5.331683230780351,0.0002438891717478
6032517,1,True,210.3768974846273,1.7580293289334188,210.51690338067615 d,9.667468524578728e-06,1.4271193681079852,0.0002532679431228
8046659,1,True,214.3897482425602,2.829902918815277,215.06641328265655 d,6.29407725532407e-05,2.2496318257733945,0.0004113494469077
6780158,1,True,66.63808423143371,3.59752533764028,66.60872174434887 d,1.951866014492238e-05,1.837859085617554,0.0001537352150865
7385509,1,True,232.15709274850573,1.5072814186754466,34.7621524304861 d,0.0001098231900188,1.3467821559983228,0.0006709474882686
4848424,1,True,155.4489219148424,1.0650986812204968,155.76315263052612 d,8.622313964472518e-06,1.0076581985991837,0.0003151487698459
5302006,1,True,204.28665839878724,3.005726365256774,390.9807961592319 d,0.0001124794488605,1.2386690241874505,0.0014172121939572
8258171,1,True,64.11301445211468,1.6266696772126965,8.6623324664933 d,7.047933098564718e-06,0.5603300385558684,0.0001112572193612
11125936,1,True,159.75162946785983,2.417302016695385,28.057611522304462 d,9.637907027787296e-05,2.4149073635273157,0.000612864622179
11304987,1,True,217.5459035032989,3.457242808662964,217.4608921784357 d,0.0001312378565052,2.669825040723989,0.0005516569257192
5652237,1,True,79.5740387984394,1.934390370721014,35.71994398879776 d,3.570469253249293e-06,0.807528554392756,0.0001894828197214
10487119,1,True,229.14236999739896,1.4882580497160425,13.850370074014805 d,0.005592606636301,0.8459229030878701,0.0046986675969837
10599397,1,True,233.0819420147787,3.0096262452300766,17.761352270454093 d,0.0009733209165018,0.5897745711671897,0.0019714044678971
5217891,1,True,134.4300400617895,3.691813999491077,134.53210642128425 d,0.00051564869328,2.850441416711793,0.0007168550718966
4951249,1,True,257.2302791757164,2.4281945784951606,257.44868973794763 d,3.8689036711227626e-05,1.6899228773633037,0.00048539259964
6525193,1,True,76.13837335643524,1.055538222151964,363.36447289457897 d,9.894201348328e-05,2.1406763580613504,0.0007744405932491
5478055,1,True,65.60813953908355,2.4230707632199007,288.57691538307665 d,0.0001905611251577,2.929105869916668,0.0007104863634438
5717567,1,True,176.00966828674265,1.9761857135503167,175.95659131826366 d,1.201604588645072e-05,3.498591300386613,0.0001019228767257
5618071,1,True,261.109747196781,2.0103496370112035,241.80476095219046 d,1.1002000538499696e-05,1.914833101154556,0.0003735817692765
9692345,1,True,107.45423068618511,1.8121280902510783,107.4744948989798 d,0.0001081562678421,1.3537248019232235,0.0006941085853226
6312534,1,True,288.23547368224706,2.4882664523157647,6.028405681136228 d,0.0001971877117621,0.3270099551989999,0.000852211909495
9520443,1,True,260.23557656861175,2.5916031861962523,260.3220644128826 d,0.0001261436370118,2.120294034795607,0.0006199763924752
6233573,1,True,201.04007953641005,2.1415417600423265,356.8195639127826 d,2.886914469490416e-05,2.374296228242153,0.0003720327684452
7037540,1,True,78.769662047538,3.903481042950831,78.82056411282257 d,0.0005776953431194,4.554001058320223,0.0004084116017021
5524881,1,True,162.35823282190643,1.2474988085045244,162.70714142828567 d,7.750106411026295e-06,0.647696361442339,0.0004518123374377
6199702,1,True,241.7096794988404,1.9355208677244065,241.56531306261255 d,1.4239973219956012e-05,1.252243870906976,0.0003491302948438
5817553,1,True,138.99247415187534,2.1660142957607413,21.03380676135227 d,0.000597741366291,1.5079680771414212,0.0005773825567046
5481148,1,True,268.9697656578222,1.6019731659064471,9.380676135227047 d,0.0021761816941818,0.5445251368251142,0.0020629943767983
